n_train,seed,model,fit_seconds,n_parameters,auc,balanced_accuracy,accuracy
100,0,majority class,0.00020129999029450119,1,0.5,0.5,0.85098
100,0,logistic regression,0.005305799990310334,8,0.5248198368237835,0.5023865388839713,0.842135
100,0,gradient boosting,1.6413145999977132,1312,0.5042467334329237,0.5032166743363826,0.763375
100,0,hyperdimensional,0.01613740000175312,730000,0.5368291585173864,0.5259969945551246,0.52392
100,1,majority class,0.0001939000067068264,1,0.5,0.5,0.85098
100,1,logistic regression,0.005146800001966767,8,0.470043908639187,0.5000306147539105,0.850985
100,1,gradient boosting,0.10352140000031795,1378,0.4755205265381873,0.49703838855069915,0.806065
100,1,hyperdimensional,0.016133800003444776,730000,0.45443789362493914,0.47077281909107394,0.571505
100,2,majority class,0.00018620000628288835,1,0.5,0.5,0.85098
100,2,logistic regression,0.004727699997602031,8,0.5153514012134759,0.5001022032122318,0.85073
100,2,gradient boosting,0.12534629998845048,1356,0.5158196617148194,0.5015029452065906,0.763685
100,2,hyperdimensional,0.016124200003105216,730000,0.5181809535894131,0.5139559469245621,0.549095
100,3,majority class,0.0005621000018436462,1,0.5,0.5,0.85098
100,3,logistic regression,0.004676699987612665,8,0.5064375728046188,0.5019301638914426,0.835635
100,3,gradient boosting,0.10676310000417288,1364,0.48163593580482245,0.49485667284644125,0.793025
100,3,hyperdimensional,0.016717399994377047,730000,0.4739651395636131,0.48236386173650236,0.51862
100,4,majority class,0.00018319999799132347,1,0.5,0.5,0.85098
100,4,logistic regression,0.004593499994371086,8,0.5171048464877266,0.500015461738053,0.850865
100,4,gradient boosting,0.1550210999994306,1390,0.5175477719564101,0.5047844228157748,0.82443
100,4,hyperdimensional,0.015954500006046146,730000,0.5297625861220978,0.522358199590068,0.572675
300,0,majority class,0.00017210000078193843,1,0.5,0.5,0.85098
300,0,logistic regression,0.00493000001006294,8,0.533030105683233,0.5000553539290765,0.85098
300,0,gradient boosting,0.136075799993705,3500,0.5270292481223674,0.5025200283110318,0.830845
300,0,hyperdimensional,0.05229269999836106,730000,0.5504931332984151,0.5334593592534628,0.568605
300,1,majority class,0.0001677999971434474,1,0.5,0.5,0.85098
300,1,logistic regression,0.004949199996190146,8,0.5191758283112708,0.5000749903166898,0.850825
300,1,gradient boosting,0.14990099999704398,3466,0.5295228830513735,0.5039518100944566,0.796375
300,1,hyperdimensional,0.05191049999848474,730000,0.5339502090130486,0.5229623783893593,0.57335
300,2,majority class,0.00017270000535063446,1,0.5,0.5,0.85098
300,2,logistic regression,0.004324800000176765,8,0.5402890368460185,0.5000727456737027,0.84962
300,2,gradient boosting,0.1352243000001181,3508,0.5410680871535549,0.5094376312071303,0.78906
300,2,hyperdimensional,0.0516535000060685,730000,0.5592323978369492,0.5418058274347995,0.607305
300,3,majority class,0.0003146999952150509,1,0.5,0.5,0.85098
300,3,logistic regression,0.004748699997435324,8,0.5264589350242181,0.5000071124389325,0.850945
300,3,gradient boosting,0.3039184999943245,3566,0.5243316320011937,0.5046316222831079,0.80806
300,3,hyperdimensional,0.054330600003595464,730000,0.5390820863385408,0.5288156061200507,0.57952
300,4,majority class,0.0001706000039121136,1,0.5,0.5,0.85098
300,4,logistic regression,0.005932099986239336,8,0.5135783187630494,0.5000808658954343,0.850835
300,4,gradient boosting,0.1913607000024058,3506,0.5179872549557594,0.5048515819188676,0.813875
300,4,hyperdimensional,0.05493589999969117,730000,0.5273474252800734,0.521924651508787,0.57547
1000,0,majority class,0.0001866999955382198,1,0.5,0.5,0.85098
1000,0,logistic regression,0.006242500006919727,8,0.5143067535146442,0.5000167762716414,0.850985
1000,0,gradient boosting,0.29502979999233503,5890,0.5346689010756903,0.5081327259661396,0.82848
1000,0,hyperdimensional,0.16771569999400526,730000,0.5353526378410379,0.526181712546854,0.535045
1000,1,majority class,0.00019919998885598034,1,0.5,0.5,0.85098
1000,1,logistic regression,0.00611899999785237,8,0.5366882797674065,0.5000079629035247,0.85097
1000,1,gradient boosting,0.17668859999685083,5476,0.5388093288988556,0.5091807341238117,0.82593
1000,1,hyperdimensional,0.1716496000008192,730000,0.5515765252384977,0.5344930569742451,0.56238
1000,2,majority class,0.0007045000093057752,1,0.5,0.5,0.85098
1000,2,logistic regression,0.006806799996411428,8,0.5220263035158728,0.49999706221062773,0.850975
1000,2,gradient boosting,0.29659880000690464,5954,0.5263842795508547,0.5070576504026957,0.82698
1000,2,hyperdimensional,0.24661709999782033,730000,0.5342740528790227,0.5251388328050138,0.54938
1000,3,majority class,0.00018409999029245228,1,0.5,0.5,0.85098
1000,3,logistic regression,0.007808700000168756,8,0.5342544316712363,0.5,0.85098
1000,3,gradient boosting,0.8403056999959517,5878,0.5307431137389124,0.5055565216496869,0.82638
1000,3,hyperdimensional,0.18592389998957515,730000,0.5474580110727036,0.5298236944870139,0.564325
1000,4,majority class,0.00020330000552348793,1,0.5,0.5,0.85098
1000,4,logistic regression,0.006502899996121414,8,0.5295844846620963,0.5000016232557839,0.850865
1000,4,gradient boosting,0.25910779999685474,5460,0.5333807161184076,0.5083233459534551,0.81651
1000,4,hyperdimensional,0.16527189999760594,730000,0.5402553829724621,0.5291108135381372,0.561675
3000,0,majority class,0.0002280000044265762,1,0.5,0.5,0.85098
3000,0,logistic regression,0.00672570000460837,8,0.5308515343717067,0.5,0.85098
3000,0,gradient boosting,0.35324880000553094,7582,0.5503053848612269,0.5107765132379967,0.83696
3000,0,hyperdimensional,0.48648429999593645,730000,0.5546054001768442,0.5382906384494548,0.580125
3000,1,majority class,0.0001993000041693449,1,0.5,0.5,0.85098
3000,1,logistic regression,0.005221800005529076,8,0.5018221680966631,0.5,0.85098
3000,1,gradient boosting,0.2943049999885261,7790,0.5458265706021291,0.5113188371994516,0.834515
3000,1,hyperdimensional,0.486237400007667,730000,0.5553309738267641,0.5369633033384053,0.579915
3000,2,majority class,0.0006732000038027763,1,0.5,0.5,0.85098
3000,2,logistic regression,0.01020010000502225,8,0.5355187425063502,0.5,0.85098
3000,2,gradient boosting,0.44838879999588244,7994,0.5528671755376803,0.5105122714841069,0.83863
3000,2,hyperdimensional,0.6347786999976961,730000,0.5520819036696286,0.5360036370423851,0.536735
3000,3,majority class,0.00023039999359752983,1,0.5,0.5,0.85098
3000,3,logistic regression,0.0060172999947099015,8,0.5372536417777025,0.5,0.85098
3000,3,gradient boosting,0.4778392000007443,8370,0.5494703440575839,0.5066306190014233,0.840055
3000,3,hyperdimensional,0.54964930001006,730000,0.5499205920185197,0.533029361280289,0.53351
3000,4,majority class,0.0004423000063979998,1,0.5,0.5,0.85098
3000,4,logistic regression,0.008595199993578717,8,0.5464033585864777,0.5,0.85098
3000,4,gradient boosting,0.3932096999924397,7922,0.5534202139927257,0.5078203401095671,0.83923
3000,4,hyperdimensional,0.5378051000006963,730000,0.5527303131333506,0.5389363019416182,0.53174
10000,0,majority class,0.0004760000010719523,1,0.5,0.5,0.85098
10000,0,logistic regression,0.008987099994556047,8,0.5374118751113036,0.5,0.85098
10000,0,gradient boosting,0.553264100002707,9750,0.5758307269136698,0.5087459886104646,0.84667
10000,0,hyperdimensional,1.6350528000039048,730000,0.5583728467383886,0.5416236517683786,0.55704
10000,1,majority class,0.0005655000131810084,1,0.5,0.5,0.85098
10000,1,logistic regression,0.024099500005831942,8,0.5432428024933171,0.5,0.85098
10000,1,gradient boosting,1.6393494000076316,9766,0.5756845704138457,0.5092703830277088,0.847115
10000,1,hyperdimensional,2.5290682000049856,730000,0.5584338025164725,0.5420652147983054,0.542765
10000,2,majority class,0.0003448000061325729,1,0.5,0.5,0.85098
10000,2,logistic regression,0.028850700007751584,8,0.5396368821049851,0.5,0.85098
10000,2,gradient boosting,0.7946094999933848,9932,0.5690445133057122,0.5084605629151719,0.84788
10000,2,hyperdimensional,2.5570086000079755,730000,0.5533684313643721,0.5358460258845494,0.54756
10000,3,majority class,0.0003693999897222966,1,0.5,0.5,0.85098
10000,3,logistic regression,0.013328700006240979,8,0.5418003786654759,0.5,0.85098
10000,3,gradient boosting,1.34566530000302,10244,0.5774472623712743,0.5107639333013827,0.84676
10000,3,hyperdimensional,2.3805508999939775,730000,0.5617934689501757,0.5436168012961973,0.566815
10000,4,majority class,0.0006377999961841851,1,0.5,0.5,0.85098
10000,4,logistic regression,0.014776199997868389,8,0.5401513167814646,0.5,0.85098
10000,4,gradient boosting,0.3347987000015564,10216,0.5770036233521525,0.5097361750329026,0.846895
10000,4,hyperdimensional,1.7215981999906944,730000,0.562613360582203,0.5439787333194717,0.551745
30000,0,majority class,0.00034699999378062785,1,0.5,0.5,0.85098
30000,0,logistic regression,0.028754300001310185,8,0.5422124003721144,0.5,0.85098
30000,0,gradient boosting,0.5860145000042394,11200,0.6009930606536775,0.5095737520670548,0.84928
30000,0,hyperdimensional,5.012013300001854,730000,0.5596730887168169,0.5417881364307271,0.543
30000,1,majority class,0.0004596999933710322,1,0.5,0.5,0.85098
30000,1,logistic regression,0.02083670000138227,8,0.5409797700330494,0.5,0.85098
30000,1,gradient boosting,0.6652484000078402,12002,0.6033184686987031,0.5097577512841195,0.84997
30000,1,hyperdimensional,5.662364999996498,730000,0.5635580505003525,0.5443666208754766,0.562415
30000,2,majority class,0.0004967999993823469,1,0.5,0.5,0.85098
30000,2,logistic regression,0.023280900000827387,8,0.5448563719704421,0.5,0.85098
30000,2,gradient boosting,0.5948952000035206,11488,0.6045548542706802,0.5089470807069907,0.85071
30000,2,hyperdimensional,4.995576099987375,730000,0.5591605475758977,0.5416608037049213,0.541535
30000,3,majority class,0.0004489999992074445,1,0.5,0.5,0.85098
30000,3,logistic regression,0.02398440000251867,8,0.5431911579619608,0.5,0.85098
30000,3,gradient boosting,0.8104552000004333,11332,0.5992533416886887,0.5098375356661666,0.8502
30000,3,hyperdimensional,5.00574599999527,730000,0.5587762517246688,0.5408269572776647,0.550055
30000,4,majority class,0.0007806000066921115,1,0.5,0.5,0.85098
30000,4,logistic regression,0.030631800007540733,8,0.5436936305404985,0.5,0.85098
30000,4,gradient boosting,0.9219938999885926,11268,0.6030188115213351,0.5092547738284794,0.85048
30000,4,hyperdimensional,4.990050499996869,730000,0.5561829151006329,0.5390352763849373,0.539775
100000,0,majority class,0.0016844000056153163,1,0.5,0.5,0.85098
100000,0,logistic regression,0.06626769999274984,8,0.543021958090499,0.5,0.85098
100000,0,gradient boosting,0.8722989999951096,12066,0.6254312752471868,0.5106726406390782,0.85148
100000,0,hyperdimensional,16.47328469999775,730000,0.5611539261811055,0.5431727014608994,0.55254
100000,1,majority class,0.0010879000037675723,1,0.5,0.5,0.85098
100000,1,logistic regression,0.061184500009403564,8,0.5425131535527046,0.5,0.85098
100000,1,gradient boosting,0.7782086000079289,11824,0.6283089122879127,0.5081234221121848,0.851475
100000,1,hyperdimensional,16.121644799990463,730000,0.5600527258397172,0.5415220541721011,0.55145
100000,2,majority class,0.0008737000025575981,1,0.5,0.5,0.85098
100000,2,logistic regression,0.06676649999280926,8,0.5437371189705321,0.5,0.85098
100000,2,gradient boosting,0.7553806999931112,12144,0.6243019591062622,0.5112610470067149,0.85161
100000,2,hyperdimensional,16.126045700002578,730000,0.5579000968525006,0.5407477824543842,0.545775
100000,3,majority class,0.0034457000001566485,1,0.5,0.5,0.85098
100000,3,logistic regression,0.09342340000148397,8,0.5441148303253824,0.5,0.85098
100000,3,gradient boosting,3.545991500010132,12126,0.6259847332174506,0.5094947463904177,0.851595
100000,3,hyperdimensional,18.202592999994522,730000,0.5564912966371323,0.5396171159988503,0.54199
100000,4,majority class,0.000937399992835708,1,0.5,0.5,0.85098
100000,4,logistic regression,0.06561219999275636,8,0.5434821960532835,0.5,0.85098
100000,4,gradient boosting,1.1758784000121523,12052,0.6269186046503376,0.509095131333797,0.851645
100000,4,hyperdimensional,18.118063899994013,730000,0.5603525077085212,0.5423511960358374,0.54808
300000,0,majority class,0.002581100008683279,1,0.5,0.5,0.85098
300000,0,logistic regression,0.20741550000093412,8,0.5437208180049018,0.5,0.85098
300000,0,gradient boosting,2.19129950000206,12188,0.6386170265332871,0.5113555203356233,0.851865
300000,0,hyperdimensional,52.4082638000109,730000,0.5592951334004614,0.5416751937866175,0.54627
300000,1,majority class,0.003450400006840937,1,0.5,0.5,0.85098
300000,1,logistic regression,0.20442219999677036,8,0.5442189448158296,0.5,0.85098
300000,1,gradient boosting,3.2975128999969456,12120,0.6410218817513463,0.5101696631834381,0.85199
300000,1,hyperdimensional,55.602978700000676,730000,0.5605721512293125,0.542490821661529,0.549825
300000,2,majority class,0.0038770999963162467,1,0.5,0.5,0.85098
300000,2,logistic regression,0.23333179998735432,8,0.543897802367636,0.5,0.85098
300000,2,gradient boosting,3.480114899997716,12114,0.6394082942358555,0.510297224986633,0.85216
300000,2,hyperdimensional,53.46358909999253,730000,0.5596286818086804,0.542236771682902,0.54553
300000,3,majority class,0.003755600002477877,1,0.5,0.5,0.85098
300000,3,logistic regression,0.21791649999795482,8,0.5447901723506988,0.5,0.85098
300000,3,gradient boosting,4.781511499997578,12200,0.639444689053885,0.5106154324054227,0.851995
300000,3,hyperdimensional,56.51448739999614,730000,0.5591632822118713,0.5418916600907656,0.545555
300000,4,majority class,0.0034392999950796366,1,0.5,0.5,0.85098
300000,4,logistic regression,0.2603590999933658,8,0.5435217625680191,0.5,0.85098
300000,4,gradient boosting,3.948164999994333,12192,0.638950183913106,0.5098131868294087,0.851925
300000,4,hyperdimensional,56.43782709998777,730000,0.5594127986464572,0.5418101747795343,0.545275
