nu,seed,model,train_res,eval_res,mode,error,error_median
0.1,0,fno,64,64,zero_shot,0.002011860255151987,0.0012902969028800726
0.1,0,fno,64,128,zero_shot,0.002012557815760374,0.001289268140681088
0.1,0,fno,64,128,interp_linear,0.00781599897891283,0.0073721809312701225
0.1,0,fno,64,128,interp_fourier,0.0020243427716195583,0.0013042682548984885
0.1,0,fno,64,256,zero_shot,0.002012585522606969,0.0012893129605799913
0.1,0,fno,64,256,interp_linear,0.008018105290830135,0.0075392876751720905
0.1,0,fno,64,256,interp_fourier,0.0020243427716195583,0.0013042718637734652
0.1,0,fno,64,512,zero_shot,0.0020125603768974543,0.0012893013190478086
0.1,0,fno,64,512,interp_linear,0.008028727024793625,0.00754266232252121
0.1,0,fno,64,512,interp_fourier,0.0020243427716195583,0.001304269884712994
0.1,1,fno,64,64,zero_shot,0.0023809291888028383,0.0016492805443704128
0.1,1,fno,64,128,zero_shot,0.002381671918556094,0.001650159596465528
0.1,1,fno,64,128,interp_linear,0.007984582334756851,0.007474637124687433
0.1,1,fno,64,128,interp_fourier,0.002390432870015502,0.0016646437579765916
0.1,1,fno,64,256,zero_shot,0.0023816784378141165,0.001650229562073946
0.1,1,fno,64,256,interp_linear,0.008195649832487106,0.007655723486095667
0.1,1,fno,64,256,interp_fourier,0.0023904331028461456,0.0016646427102386951
0.1,1,fno,64,512,zero_shot,0.0023816809989511967,0.0016501829959452152
0.1,1,fno,64,512,interp_linear,0.008209210820496082,0.007668607868254185
0.1,1,fno,64,512,interp_fourier,0.0023904331028461456,0.0016646480653434992
0.1,2,fno,64,64,zero_shot,0.002115288283675909,0.0015009157359600067
0.1,2,fno,64,128,zero_shot,0.0021166729275137186,0.0015009356429800391
0.1,2,fno,64,128,interp_linear,0.00801920983940363,0.0075620790012180805
0.1,2,fno,64,128,interp_fourier,0.0021259021013975143,0.0015009137568995357
0.1,2,fno,64,256,zero_shot,0.002116650575771928,0.0015009385533630848
0.1,2,fno,64,256,interp_linear,0.008264591917395592,0.007802068721503019
0.1,2,fno,64,256,interp_fourier,0.0021259021013975143,0.0015009163180366158
0.1,2,fno,64,512,zero_shot,0.00211666920222342,0.0015009226044639945
0.1,2,fno,64,512,interp_linear,0.008286985568702221,0.007822494953870773
0.1,2,fno,64,512,interp_fourier,0.0021259018685668707,0.0015009166672825813
0.1,0,cnn,64,64,zero_shot,0.0022961825598031282,0.0017633348470553756
0.1,0,cnn,64,128,zero_shot,0.722947895526886,0.7025197744369507
0.1,0,cnn,64,128,interp_linear,0.007443264592438936,0.007098398637026548
0.1,0,cnn,64,128,interp_fourier,0.002304305788129568,0.0017726116348057985
0.1,0,cnn,64,256,zero_shot,0.9988416433334351,0.9945428371429443
0.1,0,cnn,64,256,interp_linear,0.007545277941972017,0.007190102711319923
0.1,0,cnn,64,256,interp_fourier,0.0023043060209602118,0.0017726143123582006
0.1,0,cnn,64,512,zero_shot,1.0758668184280396,1.076632022857666
0.1,0,cnn,64,512,interp_linear,0.0075286864303052425,0.0071807000786066055
0.1,0,cnn,64,512,interp_fourier,0.002304305788129568,0.0017726150108501315
0.1,0,fno,256,64,zero_shot,0.0019667132291942835,0.001196740078739822
0.1,0,fno,256,128,zero_shot,0.001967394258826971,0.0011979384580627084
0.1,0,fno,256,256,zero_shot,0.0019674182403832674,0.0011979611590504646
0.1,0,fno,256,512,zero_shot,0.001967398449778557,0.0011979314731433988
0.1,0,fno,256,512,interp_linear,0.002045645145699382,0.0012598010944202542
0.1,0,fno,256,512,interp_fourier,0.0019674182403832674,0.001197962905280292
0.1,1,cnn,64,64,zero_shot,0.0018805817235261202,0.001301836222410202
0.1,1,cnn,64,128,zero_shot,0.7641215324401855,0.7527690529823303
0.1,1,cnn,64,128,interp_linear,0.007805618457496166,0.0074617210775613785
0.1,1,cnn,64,128,interp_fourier,0.001892173197120428,0.0013249303447082639
0.1,1,cnn,64,256,zero_shot,1.0209507942199707,1.0172240734100342
0.1,1,cnn,64,256,interp_linear,0.008026575669646263,0.007672939915210009
0.1,1,cnn,64,256,interp_fourier,0.0018921729642897844,0.001324932207353413
0.1,1,cnn,64,512,zero_shot,1.0960742235183716,1.096693515777588
0.1,1,cnn,64,512,interp_linear,0.008042081259191036,0.007683331612497568
0.1,1,cnn,64,512,interp_fourier,0.001892173197120428,0.001324931625276804
0.1,1,fno,256,64,zero_shot,0.0023768169339746237,0.0016269829357042909
0.1,1,fno,256,128,zero_shot,0.0023776087909936905,0.0016272269422188401
0.1,1,fno,256,256,zero_shot,0.0023776169400662184,0.0016272738575935364
0.1,1,fno,256,512,zero_shot,0.002377619966864586,0.0016272219363600016
0.1,1,fno,256,512,interp_linear,0.0024490682408213615,0.001664880895987153
0.1,1,fno,256,512,interp_fourier,0.0023776174057275057,0.0016272731591016054
0.1,2,cnn,64,64,zero_shot,0.0019173446344211698,0.0013327646302059293
0.1,2,cnn,64,128,zero_shot,0.7593343257904053,0.7409313321113586
0.1,2,cnn,64,128,interp_linear,0.007553406525403261,0.007216560188680887
0.1,2,cnn,64,128,interp_fourier,0.0019264541333541274,0.001329003949649632
0.1,2,cnn,64,256,zero_shot,0.9660431146621704,0.9586998224258423
0.1,2,cnn,64,256,interp_linear,0.0077143083326518536,0.007402476854622364
0.1,2,cnn,64,256,interp_fourier,0.0019264541333541274,0.0013290017377585173
0.1,2,cnn,64,512,zero_shot,1.018530249595642,1.0189180374145508
0.1,2,cnn,64,512,interp_linear,0.00771331787109375,0.007413323037326336
0.1,2,cnn,64,512,interp_fourier,0.0019264540169388056,0.0013290015049278736
0.1,2,fno,256,64,zero_shot,0.0020590792410075665,0.0013976586051285267
0.1,2,fno,256,128,zero_shot,0.0020604252349585295,0.0014008325524628162
0.1,2,fno,256,256,zero_shot,0.0020604070741683245,0.001400787034071982
0.1,2,fno,256,512,zero_shot,0.002060419414192438,0.0014008068246766925
0.1,2,fno,256,512,interp_linear,0.0021825507283210754,0.0015443669399246573
0.1,2,fno,256,512,interp_fourier,0.0020604070741683245,0.0014007886638864875
0.03,0,fno,64,64,zero_shot,0.0061797453090548515,0.0036094794049859047
0.03,0,fno,64,128,zero_shot,0.00626842025667429,0.0038379933685064316
0.03,0,fno,64,128,interp_linear,0.037599917501211166,0.03240146487951279
0.03,0,fno,64,128,interp_fourier,0.031681932508945465,0.03089902177453041
0.03,0,fno,64,256,zero_shot,0.006297075189650059,0.0038806458469480276
0.03,0,fno,64,256,interp_linear,0.038900528103113174,0.03484053909778595
0.03,0,fno,64,256,interp_fourier,0.031703997403383255,0.03064832091331482
0.03,0,fno,64,512,zero_shot,0.006297034211456776,0.0038963202387094498
0.03,0,fno,64,512,interp_linear,0.03897155821323395,0.035029586404561996
0.03,0,fno,64,512,interp_fourier,0.03170396760106087,0.03064829856157303
0.03,0,cnn,64,64,zero_shot,0.005706071853637695,0.00415295735001564
0.03,0,cnn,64,128,zero_shot,0.7447037696838379,0.718756377696991
0.03,0,cnn,64,128,interp_linear,0.03718859702348709,0.032646749168634415
0.03,0,cnn,64,128,interp_fourier,0.0312294140458107,0.030134689062833786
0.03,0,cnn,64,256,zero_shot,1.0100525617599487,1.0096722841262817
0.03,0,cnn,64,256,interp_linear,0.0384671688079834,0.033992331475019455
0.03,0,cnn,64,256,interp_fourier,0.03124825470149517,0.030070677399635315
0.03,0,cnn,64,512,zero_shot,1.0812709331512451,1.080541968345642
0.03,0,cnn,64,512,interp_linear,0.03853045403957367,0.0341031514108181
0.03,0,cnn,64,512,interp_fourier,0.031248219311237335,0.03007071651518345
0.03,0,fno,256,64,zero_shot,0.005986133590340614,0.003763627726584673
0.03,0,fno,256,128,zero_shot,0.006023181602358818,0.0038186374586075544
0.03,0,fno,256,256,zero_shot,0.0060256654396653175,0.0037416908890008926
0.03,0,fno,256,512,zero_shot,0.006025868467986584,0.003740478539839387
0.03,0,fno,256,512,interp_linear,0.007079773116856813,0.004992818459868431
0.03,0,fno,256,512,interp_fourier,0.006025699432939291,0.003741971915587783
0.03,1,fno,64,64,zero_shot,0.006633925251662731,0.004105788189917803
0.03,1,fno,64,128,zero_shot,0.006763762794435024,0.004316078498959541
0.03,1,fno,64,128,interp_linear,0.03761913627386093,0.03294282779097557
0.03,1,fno,64,128,interp_fourier,0.031791768968105316,0.030961211770772934
0.03,1,fno,64,256,zero_shot,0.006798855494707823,0.004216709639877081
0.03,1,fno,64,256,interp_linear,0.038891129195690155,0.03453719988465309
0.03,1,fno,64,256,interp_fourier,0.031811948865652084,0.030774174258112907
0.03,1,fno,64,512,zero_shot,0.006798844784498215,0.004216685425490141
0.03,1,fno,64,512,interp_linear,0.03895493596792221,0.03454338759183884
0.03,1,fno,64,512,interp_fourier,0.0318119116127491,0.0307740718126297
0.03,1,cnn,64,64,zero_shot,0.005255746655166149,0.003400620771571994
0.03,1,cnn,64,128,zero_shot,0.7717685103416443,0.7462927103042603
0.03,1,cnn,64,128,interp_linear,0.037177085876464844,0.0322863943874836
0.03,1,cnn,64,128,interp_fourier,0.03131004050374031,0.02973102405667305
0.03,1,cnn,64,256,zero_shot,0.9908393025398254,0.9881682395935059
0.03,1,cnn,64,256,interp_linear,0.03844694793224335,0.033515334129333496
0.03,1,cnn,64,256,interp_fourier,0.03133079782128334,0.030204910784959793
0.03,1,cnn,64,512,zero_shot,1.0597925186157227,1.0602778196334839
0.03,1,cnn,64,512,interp_linear,0.038506876677274704,0.03359271213412285
0.03,1,cnn,64,512,interp_fourier,0.031330760568380356,0.03020498715341091
0.03,1,fno,256,64,zero_shot,0.006780496798455715,0.004474759101867676
0.03,1,fno,256,128,zero_shot,0.00686385203152895,0.004571775905787945
0.03,1,fno,256,256,zero_shot,0.006881984416395426,0.004534086212515831
0.03,1,fno,256,512,zero_shot,0.006882017478346825,0.004534093663096428
0.03,1,fno,256,512,interp_linear,0.007703975308686495,0.0055243875831365585
0.03,1,fno,256,512,interp_fourier,0.0068818386644124985,0.004534090403467417
0.03,2,fno,64,64,zero_shot,0.007114361971616745,0.004740327596664429
0.03,2,fno,64,128,zero_shot,0.007340122014284134,0.004864698275923729
0.03,2,fno,64,128,interp_linear,0.03786614537239075,0.03358358144760132
0.03,2,fno,64,128,interp_fourier,0.03188072517514229,0.030255189165472984
0.03,2,fno,64,256,zero_shot,0.00736814783886075,0.004881599918007851
0.03,2,fno,64,256,interp_linear,0.039169762283563614,0.03489827737212181
0.03,2,fno,64,256,interp_fourier,0.03190174326300621,0.030224177986383438
0.03,2,fno,64,512,zero_shot,0.0073680938221514225,0.004881612956523895
0.03,2,fno,64,512,interp_linear,0.039244916290044785,0.03505900874733925
0.03,2,fno,64,512,interp_fourier,0.031901706010103226,0.030224250629544258
0.03,2,cnn,64,64,zero_shot,0.006117258220911026,0.004569238051772118
0.03,2,cnn,64,128,zero_shot,0.7967318892478943,0.7752291560173035
0.03,2,cnn,64,128,interp_linear,0.037414707243442535,0.03226442635059357
0.03,2,cnn,64,128,interp_fourier,0.03130883350968361,0.0296496395021677
0.03,2,cnn,64,256,zero_shot,0.9674837589263916,0.9669737815856934
0.03,2,cnn,64,256,interp_linear,0.03872043266892433,0.03440043330192566
0.03,2,cnn,64,256,interp_fourier,0.03132999688386917,0.030159611254930496
0.03,2,cnn,64,512,zero_shot,1.0058388710021973,1.0058575868606567
0.03,2,cnn,64,512,interp_linear,0.03879375383257866,0.03454267233610153
0.03,2,cnn,64,512,interp_fourier,0.031329959630966187,0.03015965409576893
0.03,2,fno,256,64,zero_shot,0.007257414981722832,0.004910397808998823
0.03,2,fno,256,128,zero_shot,0.007451070472598076,0.005049780011177063
0.03,2,fno,256,256,zero_shot,0.007461740169674158,0.005120794754475355
0.03,2,fno,256,512,zero_shot,0.007461892440915108,0.005120791960507631
0.03,2,fno,256,512,interp_linear,0.008282700553536415,0.005884595215320587
0.03,2,fno,256,512,interp_fourier,0.007461726199835539,0.005120800342410803
0.01,0,fno,64,64,zero_shot,0.01850796863436699,0.011145749129354954
0.01,0,fno,64,128,zero_shot,0.02030816301703453,0.012913807295262814
0.01,0,fno,64,128,interp_linear,0.09042303264141083,0.09500465542078018
0.01,0,fno,64,128,interp_fourier,0.10008546710014343,0.10077840834856033
0.01,0,fno,64,256,zero_shot,0.020684532821178436,0.01401758473366499
0.01,0,fno,64,256,interp_linear,0.09609102457761765,0.09103237837553024
0.01,0,fno,64,256,interp_fourier,0.10350387543439865,0.10417576134204865
0.01,0,fno,64,512,zero_shot,0.020849592983722687,0.013882910832762718
0.01,0,fno,64,512,interp_linear,0.09616344422101974,0.09090482443571091
0.01,0,fno,64,512,interp_fourier,0.10344154387712479,0.10395360738039017
0.01,0,cnn,64,64,zero_shot,0.01880542002618313,0.012310395948588848
0.01,0,cnn,64,128,zero_shot,0.7112077474594116,0.6740787029266357
0.01,0,cnn,64,128,interp_linear,0.09006605297327042,0.09384192526340485
0.01,0,cnn,64,128,interp_fourier,0.09959327429533005,0.09847493469715118
0.01,0,cnn,64,256,zero_shot,0.9333128333091736,0.9289318323135376
0.01,0,cnn,64,256,interp_linear,0.09565730392932892,0.09171666949987411
0.01,0,cnn,64,256,interp_fourier,0.1030169203877449,0.10288926959037781
0.01,0,cnn,64,512,zero_shot,0.9977695941925049,0.9991698265075684
0.01,0,cnn,64,512,interp_linear,0.09571685642004013,0.09158505499362946
0.01,0,cnn,64,512,interp_fourier,0.10293843597173691,0.10280901938676834
0.01,0,fno,256,64,zero_shot,0.015042842365801334,0.009124089032411575
0.01,0,fno,256,128,zero_shot,0.015229623764753342,0.0092289038002491
0.01,0,fno,256,256,zero_shot,0.015553951263427734,0.00967197772115469
0.01,0,fno,256,512,zero_shot,0.01564226672053337,0.009618233889341354
0.01,0,fno,256,512,interp_linear,0.022259986028075218,0.018538039177656174
0.01,0,fno,256,512,interp_fourier,0.01916053704917431,0.01467908825725317
0.01,1,fno,64,64,zero_shot,0.01991317607462406,0.011884438805282116
0.01,1,fno,64,128,zero_shot,0.022385304793715477,0.013592397794127464
0.01,1,fno,64,128,interp_linear,0.0901826024055481,0.09427882730960846
0.01,1,fno,64,128,interp_fourier,0.09964850544929504,0.10100049525499344
0.01,1,fno,64,256,zero_shot,0.022751223295927048,0.01585407741367817
0.01,1,fno,64,256,interp_linear,0.09557650238275528,0.09178123623132706
0.01,1,fno,64,256,interp_fourier,0.10285574942827225,0.10346096754074097
0.01,1,fno,64,512,zero_shot,0.02304246462881565,0.016370734199881554
0.01,1,fno,64,512,interp_linear,0.0956367552280426,0.0915442481637001
0.01,1,fno,64,512,interp_fourier,0.10278664529323578,0.10240356624126434
0.01,1,cnn,64,64,zero_shot,0.01805095747113228,0.010719330981373787
0.01,1,cnn,64,128,zero_shot,0.7658201456069946,0.7383517026901245
0.01,1,cnn,64,128,interp_linear,0.08965934813022614,0.09190423041582108
0.01,1,cnn,64,128,interp_fourier,0.09890671819448471,0.1002616360783577
0.01,1,cnn,64,256,zero_shot,0.9391543865203857,0.9344473481178284
0.01,1,cnn,64,256,interp_linear,0.09524835646152496,0.0915224626660347
0.01,1,cnn,64,256,interp_fourier,0.10227275639772415,0.10297327488660812
0.01,1,cnn,64,512,zero_shot,0.9818433523178101,0.9817304611206055
0.01,1,cnn,64,512,interp_linear,0.09532550722360611,0.09165035933256149
0.01,1,cnn,64,512,interp_fourier,0.10220026224851608,0.10339786857366562
0.01,1,fno,256,64,zero_shot,0.015555665828287601,0.009983553551137447
0.01,1,fno,256,128,zero_shot,0.016428006812930107,0.010715318843722343
0.01,1,fno,256,256,zero_shot,0.01677684299647808,0.010790674947202206
0.01,1,fno,256,512,zero_shot,0.016894666478037834,0.011414911597967148
0.01,1,fno,256,512,interp_linear,0.02322491817176342,0.019079433754086494
0.01,1,fno,256,512,interp_fourier,0.020233862102031708,0.01533633191138506
0.01,2,fno,64,64,zero_shot,0.020812977105379105,0.012744670733809471
0.01,2,fno,64,128,zero_shot,0.023498527705669403,0.015050319023430347
0.01,2,fno,64,128,interp_linear,0.09050862491130829,0.09394561499357224
0.01,2,fno,64,128,interp_fourier,0.09936419129371643,0.0986570194363594
0.01,2,fno,64,256,zero_shot,0.024083076044917107,0.01624367944896221
0.01,2,fno,64,256,interp_linear,0.09605999290943146,0.09136362373828888
0.01,2,fno,64,256,interp_fourier,0.10268445312976837,0.10137385874986649
0.01,2,fno,64,512,zero_shot,0.024313289672136307,0.016542287543416023
0.01,2,fno,64,512,interp_linear,0.09613938629627228,0.09076040238142014
0.01,2,fno,64,512,interp_fourier,0.10260909795761108,0.10156242549419403
0.01,2,cnn,64,64,zero_shot,0.018109213560819626,0.01117901224642992
0.01,2,cnn,64,128,zero_shot,0.7954000234603882,0.7752299904823303
0.01,2,cnn,64,128,interp_linear,0.089616559445858,0.09318528324365616
0.01,2,cnn,64,128,interp_fourier,0.09882856160402298,0.09859412908554077
0.01,2,cnn,64,256,zero_shot,0.9505162239074707,0.9484448432922363
0.01,2,cnn,64,256,interp_linear,0.09511902183294296,0.09222112596035004
0.01,2,cnn,64,256,interp_fourier,0.1022762581706047,0.10351654142141342
0.01,2,cnn,64,512,zero_shot,0.9850913882255554,0.985295295715332
0.01,2,cnn,64,512,interp_linear,0.09517119079828262,0.09289538860321045
0.01,2,cnn,64,512,interp_fourier,0.10219109803438187,0.10369317978620529
0.01,2,fno,256,64,zero_shot,0.01726006716489792,0.01130230538547039
0.01,2,fno,256,128,zero_shot,0.018267033621668816,0.012050557881593704
0.01,2,fno,256,256,zero_shot,0.01856410689651966,0.011798511259257793
0.01,2,fno,256,512,zero_shot,0.018651915714144707,0.01215112954378128
0.01,2,fno,256,512,interp_linear,0.02445138245820999,0.01974489353597164
0.01,2,fno,256,512,interp_fourier,0.021634772419929504,0.015868760645389557
