nu,eval_res,mode,error
0.1,128,interp_linear,0.007356647402048111
0.1,128,interp_fourier,0.00015135185094550252
0.1,256,interp_linear,0.007576724514365196
0.1,256,interp_fourier,0.00015135208377614617
0.1,512,interp_linear,0.00759017514064908
0.1,512,interp_fourier,0.00015135208377614617
0.03,128,interp_linear,0.03653653711080551
0.03,128,interp_fourier,0.030361874029040337
0.03,256,interp_linear,0.037858299911022186
0.03,256,interp_fourier,0.030383560806512833
0.03,512,interp_linear,0.03792693465948105
0.03,512,interp_fourier,0.030383525416254997
0.01,128,interp_linear,0.0885683074593544
0.01,128,interp_fourier,0.09949275851249695
0.01,256,interp_linear,0.09476311504840851
0.01,256,interp_fourier,0.10346529632806778
0.01,512,interp_linear,0.09481456130743027
0.01,512,interp_fourier,0.10340192914009094
