kind,surrogate,buy_and_hold,best_return,best_excess,median_excess,n_beating
shuffle,0,8.90714427014821,5.756535054670431,-0.31801386247811714,-0.8425755787097335,0
shuffle,1,8.908699929066247,11.359816576229228,0.24737015599522394,-0.7594247195715931,10
shuffle,2,8.90750887556123,18.21402898661121,0.9393400730638048,-0.5279957956986219,143
shuffle,3,8.908761644705871,13.036987129872841,0.4166237551362062,-0.8221585994961619,3
shuffle,4,8.907980395393643,19.156242754375103,1.0343442306109143,-0.33723894324204784,236
shuffle,5,8.906949127792583,2.576339542248509,-0.6390069741838503,-0.9499337087229464,0
shuffle,6,8.907352653712774,41.589824345708934,3.2988097662747906,0.214650621928119,884
shuffle,7,8.907170487111703,6.986337768016703,-0.19388307908840596,-0.7332318785945201,0
shuffle,8,8.907575505195723,7.306302777089822,-0.16162104717407022,-0.7021869404146079,0
shuffle,9,8.907516410761843,8.823156960946232,-0.008514691908456218,-0.6892667835153226,0
shuffle,10,8.908990587588013,11.795065572900208,0.29125822250020983,-0.6602276236159528,12
shuffle,11,8.908162156569649,11.384534451104475,0.24993255614946275,-0.5588543986359388,10
shuffle,12,8.908027849320288,34.578270487974365,2.590852895151593,0.30625723771789637,1071
shuffle,13,8.907598682717131,4.73836862033421,-0.42081135862474406,-0.8897232698202651,0
shuffle,14,8.904451442349146,19.294454585546937,1.0490235833528891,-0.8781219421093138,14
shuffle,15,8.908002550085541,15.830266213562453,0.6986538031741976,-0.7595925813897131,55
shuffle,16,8.907405262336807,7.7778321619272415,-0.11401301052089385,-0.8500180430190893,0
shuffle,17,8.907475605027374,29.168845691718012,2.0450587914048826,0.19996051036011675,912
shuffle,18,8.906899768371868,20.001411132211135,1.1198772192345068,-0.17629732257353564,446
shuffle,19,8.90691718905276,15.753249207094978,0.691065836868757,-0.6026447052901165,54
shuffle,20,8.898180576062103,66.89056871207407,5.858893732072494,-0.33665687364277347,471
shuffle,21,8.895766049806776,23.31806108970315,1.457420776451964,-0.7145700692118305,14
shuffle,22,8.908432250650174,10.298235304857243,0.14026467750393845,-0.7378469937844199,14
shuffle,23,8.907613014149268,7.655565516172237,-0.12637226506414379,-0.749733835808316,0
shuffle,24,8.907309412442697,5.860397213901528,-0.30754184326922485,-0.7847179522361982,0
shuffle,25,8.914859496615536,31.78264598276232,2.3064155870239778,-0.7130230330625855,73
shuffle,26,8.906752247058776,51.85196931363934,4.3349440861742154,0.666671211386049,1144
shuffle,27,8.907868217162042,7.478293134431867,-0.14428684873441466,-0.7551045915714786,0
shuffle,28,8.908039431334,8.738948076131157,-0.017066076126836416,-0.6390460348183504,0
shuffle,29,8.909426031813572,9.08701087644032,0.017920800261955083,-0.7171254645154517,1
shuffle,30,8.907076471802894,6.273419078586195,-0.26583598104975814,-0.967221834628839,0
shuffle,31,8.908085174800215,12.965794690139314,0.4095351870469681,-0.6092388721643167,13
shuffle,32,8.907975685249726,9.009544388679197,0.010251206367076549,-0.8914880334206862,1
shuffle,33,8.906883263509357,16.40375125636485,0.7567332523710231,-0.7636433815030461,64
shuffle,34,8.907625994080247,4.739723363776312,-0.4206762177734842,-0.9115337848784069,0
shuffle,35,8.907023340458593,11.832707860142094,0.295314184608358,-0.8010562353606518,21
shuffle,36,8.89891099567113,13.680820921227895,0.4830743429906512,-0.5646788774321714,9
shuffle,37,8.9072499838416,23.70504905200837,1.493633358631456,-0.5375962115983375,125
shuffle,38,8.907059248517465,5.6416986933163935,-0.32959937689781293,-0.8564697774203579,0
shuffle,39,8.90745570264989,3.9912547581560336,-0.4962122559053127,-0.8422771208276567,0
shuffle,40,8.90692959341832,10.543737014632617,0.16521843683048987,-0.7787274107702917,1
shuffle,41,8.907701798851004,9.639122951319969,0.07382349280574707,-0.589644991050514,5
shuffle,42,8.907543431429369,8.20064157783576,-0.07134986169741409,-0.7131623171966637,0
shuffle,43,8.907605393069849,14.697442160167013,0.5843830610317833,-0.4833452250367743,33
shuffle,44,8.90570420672339,11.892929547683465,0.30156617627775795,-0.7682789195572999,4
shuffle,45,8.911337792535575,21.859888518619574,1.3064382424576237,-0.47442108638524083,72
shuffle,46,8.907704724534423,20.89861914917925,1.210261585102729,-0.07178548303915999,656
shuffle,47,8.907614359799476,13.32367282145961,0.44572369303941217,-0.830964941724898,4
shuffle,48,8.907495265995847,63.56753514965834,5.517039212853802,0.15695067063857937,876
shuffle,49,8.906666570321162,13.298918979666375,0.4433633026979751,-0.6766804747645241,18
shuffle,50,8.906463961980922,11.0199963444432,0.21334881856670584,-0.787319038754936,6
shuffle,51,8.907591218016773,31.5433893660202,2.284692378793409,-0.19748245324971458,462
shuffle,52,8.90737647629862,4.788417456381749,-0.41574669437167755,-0.9234809703026879,0
shuffle,53,8.905837358692699,2.567472015702406,-0.639861640513224,-0.9508352798844271,0
shuffle,54,8.906897256669344,32.643926283963886,2.396010417016763,-0.6364351864383537,123
shuffle,55,8.908435324869428,18.000806781356417,0.9176394817520603,-0.49848693702201774,203
shuffle,56,8.935490906532472,12.852213535024559,0.39421531007762156,-0.5617687035048925,68
shuffle,57,8.905510313448206,64.18224113105131,5.580402126537258,-0.08629537125385917,599
shuffle,58,8.907432859312012,10.299258638089665,0.14048298873602505,-0.6362212682600089,13
shuffle,59,8.908162156569583,5.701834921870599,-0.32360463868397993,-0.8407979576431086,0
shuffle,60,8.908260600926978,5.399881054379613,-0.35408632128823236,-0.8481026690204991,0
shuffle,61,8.908360778751788,7.1588976106918984,-0.17656433865544807,-0.8622536151055569,0
shuffle,62,8.913111405928266,9.519400227937224,0.061160295409005805,-0.7314839577997376,2
shuffle,63,8.908533819365319,10.035389058709987,0.11372572974846507,-0.8920471278137647,1
shuffle,64,8.90957842636652,16.28562195071776,0.7443347443243118,-0.6991265289771504,178
shuffle,65,8.906457891546657,31.870385644798574,2.318076552149625,-0.35204257371197023,430
shuffle,66,8.907760619925321,24.936262516473413,1.6177724221872554,0.025240615310442083,725
shuffle,67,8.907384954802646,9.758569423296379,0.0859141410550639,-0.8540992383942565,1
shuffle,68,8.907433345947238,31.139829900279906,2.244011721101017,-0.680703868759307,54
shuffle,69,8.906715838303414,4.071711753085277,-0.48805317161960315,-0.8671630562564011,0
shuffle,70,8.907975521014238,23.04130784513949,1.4264601576930906,-0.378224669445482,169
shuffle,71,8.905184994411261,27.722603719522436,1.8997543948677795,-0.0062688893084025255,698
shuffle,72,8.907139488583587,13.405605412863606,0.45406304508620177,-0.5616083057340631,68
shuffle,73,8.90726241016683,5.954601109206296,-0.2980299883780724,-0.7151293057761812,0
shuffle,74,8.901665332531103,4.511909151797015,-0.44333513942466896,-0.8488651891247017,0
shuffle,75,8.907510860790008,14.695430227344985,0.5841951069123994,-0.694502426610793,63
shuffle,76,8.907267489067864,5.321727014872651,-0.36191013093687685,-0.8561777631869484,0
shuffle,77,8.90665923482239,22.029342919854145,1.3246325904604532,-0.7042237949947585,11
shuffle,78,8.906716289979192,16.670241640117414,0.783662832657392,-0.5463540036926476,37
shuffle,79,8.907104970882571,15.66242135836665,0.6818658333931313,-0.6971784671683945,9
shuffle,80,8.907298088685227,11.403637565617165,0.2519697554858997,-0.6886268688026164,4
shuffle,81,8.906377959439206,39.46032604680753,3.0842703773739277,0.011608997492497553,716
shuffle,82,8.907225426123459,8.024058364661142,-0.08914373333361059,-0.9610845876674079,0
shuffle,83,8.90716428261605,9.491876744957016,0.059019154791543516,-0.76270134787282,2
shuffle,84,8.901445190902768,5.662011132346669,-0.32716780188132744,-0.9079067350383608,0
shuffle,85,8.908436042674282,82.71018871610734,7.44837554136485,0.29610665158876626,901
shuffle,86,8.907795718802465,48.99629869235423,4.046157602691992,0.08896708794563146,759
shuffle,87,8.907451096418923,19.076234517395715,1.0263773519560777,-0.5883401399980214,108
shuffle,88,8.907804566973445,28.661256881026723,1.9937264790122322,0.02111564656097531,745
shuffle,89,8.908070993416775,8.897944315290662,-0.0010220635412121482,-0.8100399958980058,0
shuffle,90,8.9079411797368,2.9096783799488826,-0.6053995165065422,-0.9010966202924702,0
shuffle,91,8.907278080294061,8.923379553055137,0.001625216596383039,-0.8603758353156665,1
shuffle,92,8.907684771962392,3.371906607911474,-0.5587357986718081,-0.9078604312820766,0
shuffle,93,8.90369977190192,19.51899233449743,1.0718512078397682,-0.5953841850929906,111
shuffle,94,8.907445424741354,7.647109712958807,-0.12721096687902766,-0.888324995953139,0
shuffle,95,8.907299551458694,9.767894904746734,0.08686477569574769,-0.8446792752688601,3
shuffle,96,8.907372632071931,9.311503938205266,0.040790966600477985,-0.7174246795319572,1
shuffle,97,8.916750368968188,7.785775987569698,-0.11404687415925796,-0.8187559666966374,0
shuffle,98,8.909060481444117,4.198488559427059,-0.47538027755892287,-0.8593503411483829,0
shuffle,99,8.909057928228833,13.060306876260489,0.41893477443558136,-0.6173534111500485,16
shuffle,100,8.907582981171952,10.10051015159987,0.12040546848761369,-0.8316584916468576,2
shuffle,101,8.910817557649834,12.996326287790435,0.41222721600672907,-0.8661397853777804,10
shuffle,102,8.907490495334734,12.369317701782375,0.34941514282327657,-0.866298415877012,2
shuffle,103,8.906082730317776,2.564441463753401,-0.6401764894568918,-0.8729142295269654,0
shuffle,104,8.907842507728402,21.89501535955011,1.3107972640553522,-0.7522260509339356,11
shuffle,105,8.908721152945224,15.77789037132797,0.6932447802652095,-0.6107852421679811,76
shuffle,106,8.90720263048491,51.276091189742715,4.276574340862558,-0.46055678780535275,511
shuffle,107,8.906824947395478,12.850163669354044,0.39804263655585004,-0.7267625187587641,5
shuffle,108,8.907764037385544,5.353904601701058,-0.3586943958570774,-0.8393363711180655,0
shuffle,109,8.90845057355288,50.700513874015456,4.217820232359212,0.6077032615716914,1260
shuffle,110,8.907035404504134,25.636081886166902,1.6886026746262637,-0.020640886120263047,683
shuffle,111,8.907932114498097,6.148510005332496,-0.2785063600837342,-0.7695377365907599,0
shuffle,112,8.907490237626583,36.278601258112296,2.762668482532129,-0.41074554870858765,171
shuffle,113,8.906845091721891,42.93736571320244,3.4350512505657607,0.3315412898367923,1008
shuffle,114,8.911009230146734,14.913543083167868,0.6056430494245706,-0.7575258153444877,38
shuffle,115,8.90752770909974,7.321796377081466,-0.16005318163903115,-0.8608309358854678,0
shuffle,116,8.907340855107888,11.196899251079072,0.23109716617761933,-0.8030258389144899,3
shuffle,117,8.90720197303414,127.91252016984822,12.012000817256782,-0.5220657800417359,170
shuffle,118,8.907722605919314,5.83293581153857,-0.310342438588635,-0.7609678444988335,0
shuffle,119,8.910672420526005,23.63613609873523,1.4858188277630182,-0.24929823682518482,297
shuffle,120,8.90912805387309,16.85338871499632,0.8017113733854848,-0.5909945941494663,36
shuffle,121,8.907552016205242,7.759532725903194,-0.11587315296697875,-0.7489555407747023,0
shuffle,122,8.907433337733343,4.440587711030219,-0.45085800473577187,-0.8824202941671166,0
shuffle,123,8.908081258802387,14.678244155309775,0.5823693554573091,-0.8216987593325512,4
shuffle,124,8.907673048865645,11.11863018366892,0.2231560452084571,-0.5879284505713288,14
shuffle,125,8.907355746798927,13.640606415622521,0.4777511567960917,-0.8394967826872202,11
shuffle,126,8.906637936152526,13.249502473736058,0.43837925293857904,-0.9276696498550755,3
shuffle,127,8.908608608394234,37.331853733266925,2.868540503334998,-0.5802004136927226,124
shuffle,128,8.906907261008993,29.930059808212643,2.122070187327311,0.05458858463513916,750
shuffle,129,8.909359274075548,13.512931804226078,0.4645681322902686,-0.9116396202788639,3
shuffle,130,8.907201180451496,20.4887616235045,1.1690042658975464,-0.1478584718373938,503
shuffle,131,8.907445698547269,39.52454651317148,3.090312250625164,-0.22413410842774506,468
shuffle,132,8.907420485847224,8.777171681120462,-0.013146590973182382,-0.9078583560872178,0
shuffle,133,8.907979760007786,23.015420819064058,1.423846374414191,-0.9410712737862222,3
shuffle,134,8.907380032708526,8.79829232687953,-0.011010752133142176,-0.8597977994328261,0
shuffle,135,8.907367577097906,13.051601831743497,0.41829822325614474,-0.5633145169054816,10
shuffle,136,8.983344342823711,15.08201318902685,0.6108843526555328,-0.6555418346848775,10
shuffle,137,8.90703343513492,7.151050093873193,-0.17724613051513471,-0.7092947175530514,0
shuffle,138,8.909128053873099,11.340999014383458,0.24541725036642692,-0.6419273663997376,1
shuffle,139,8.907103500208432,14.615261951755912,0.5761682464937796,-0.5123310919847995,59
shuffle,140,8.907339283471998,12.868368728190271,0.399807590250421,-0.5135826586317068,22
shuffle,141,8.907514420903624,26.869527276994802,1.812968630981103,-0.487714778972022,88
shuffle,142,8.907479980123306,20.445728954027423,1.1645997768405802,-0.6178515684433578,62
shuffle,143,8.90712725136855,5.791252246136883,-0.31450842672897394,-0.8628349344837214,0
shuffle,144,8.907228546624031,4.917270108733159,-0.4027320475260948,-0.8934292103040224,0
shuffle,145,8.907355486873962,16.681439772449583,0.7846780400557276,-0.7637133913020859,26
shuffle,146,8.907286769666756,17.776322390732016,0.8952032809042814,-0.9037423464281735,13
shuffle,147,8.907418848856691,12.267497749241251,0.33914775903234484,-0.7637529951503866,18
shuffle,148,8.907798765182397,12.373696792373899,0.3498151415197517,-0.8107660241872644,2
shuffle,149,8.907099210368216,6.461292279156962,-0.2468741736886625,-0.8815255884214708,0
shuffle,150,8.907212499630909,2.89466491545057,-0.6068859009942842,-0.8505272073893746,0
shuffle,151,8.907496726918739,9.951825223939673,0.10540790734590777,-0.7451797725068408,3
shuffle,152,8.907423182300938,10.135473373164789,0.12395253218391789,-0.8054649415454951,5
shuffle,153,8.90669311577755,5.5846853646465915,-0.3353296314226468,-0.8736773123208457,0
shuffle,154,8.907536132645003,1.4756846771408778,-0.7501210549226685,-0.9790954577698886,0
shuffle,155,8.9070221166619,11.78637828374267,0.2906379064439748,-0.8376850672539902,3
shuffle,156,8.907458480167683,14.715900018269352,0.586269581621639,-0.7489195487840965,10
shuffle,157,8.907352404540408,38.557523948123745,2.9927442098451102,-0.910641937736026,8
shuffle,158,8.907011369478262,19.297429576245207,1.0487944163239757,-0.8602937612700332,43
shuffle,159,8.907323802131772,32.47390042923943,2.3787025737502194,0.3374795971105624,890
shuffle,160,8.907319697084109,56.9579268197582,4.850010758895385,-0.390056982431712,144
shuffle,161,8.900776281724141,5.703052668320018,-0.32297705981972413,-0.7282743485231701,0
shuffle,162,8.90739148550458,19.31262650327025,1.0502497083101523,-0.542056879486507,225
shuffle,163,8.906627079840604,10.081055146669122,0.1185497402257536,-0.7571945072135728,3
shuffle,164,8.906270902032679,17.512868174297147,0.868802938802983,-0.7811086157523419,5
shuffle,165,8.907830099999247,10.251318952403318,0.1355986970753742,-0.7741724578836156,9
shuffle,166,8.90777870633734,10.742636044616662,0.18519361328747563,-0.8163928114013397,1
shuffle,167,8.907053706913198,7.6440319627355,-0.12748711993923623,-0.7875652465156333,0
shuffle,168,8.907313248092441,12.136621229768531,0.3259519408350051,-0.6602051905904628,19
shuffle,169,8.905434005715867,15.648591627770312,0.6807533741745542,-0.5305674124828437,24
shuffle,170,8.907384637743066,11.254644908266302,0.23692027274091476,-0.6869891777369592,4
shuffle,171,8.907839960948536,5.403926278697045,-0.3536506136617128,-0.8770752150451764,0
shuffle,172,8.907212499630958,28.06644416807289,1.9338670356728103,-0.7219038790258244,172
shuffle,173,8.906591193559168,4.71104705415981,-0.4235103737930679,-0.8572088581909394,0
shuffle,174,8.907445698547267,32.109824319278644,2.341913276812968,-0.7184136331990992,144
shuffle,175,8.907360863386867,55.40525542921464,4.693267481319168,1.2688695441711613,942
shuffle,176,8.931729458855994,32.3641994162412,2.359354436149162,-0.5855647739568134,41
shuffle,177,8.858868631276616,49.06125458585503,4.077788989604646,-0.10764515380247486,636
shuffle,178,8.90755031488604,4.035510333670987,-0.491750213359486,-0.9228084154350913,0
shuffle,179,8.907581779602513,46.38214559970615,3.7824127676902304,-0.6825624452544244,100
shuffle,180,8.908066139975272,13.40922285037913,0.4542921541715801,-0.7754599991392155,1
shuffle,181,8.907321083467702,22.79338113823106,1.4015958438992109,-0.7612482135739012,38
shuffle,182,8.90740725146004,15.81199835119482,0.6969120098214658,-0.5458155669391679,164
shuffle,183,8.908722868085308,6.719573484114777,-0.22093153811188848,-0.746820837682489,0
shuffle,184,8.907716463604856,21.22397783939483,1.2430978844653762,-0.6179678894629319,78
shuffle,185,8.907624419334224,24.59742415226455,1.5836086501535607,-0.22982643845430417,374
shuffle,186,8.906892470823006,7.028299224961312,-0.18962487494382096,-0.7416963615889615,0
shuffle,187,8.907267564817788,61.83404272961382,5.342217197479056,0.04550885175034336,732
shuffle,188,8.907739543854198,19.19725169317729,1.0385327655999705,-0.7166384472133525,10
shuffle,189,8.907928096208101,37.20311055902082,2.8558122533854147,-0.5507685444484253,279
shuffle,190,8.907950345952438,21.945517044715615,1.315869200342656,-0.8426034030271696,9
shuffle,191,8.907469192567854,6.808554826789345,-0.2118517176266388,-0.8494183539341751,0
shuffle,192,8.90748618821859,28.56819358890627,1.9844294533629587,-0.8164985669845006,53
shuffle,193,8.907543431429357,13.779245531849197,0.49171645162467903,-0.5591887172174019,63
shuffle,194,8.907399704884352,11.850940691822649,0.29710530256361123,-0.5574084460146327,13
shuffle,195,8.908128579609041,11.891049286912514,0.3010579327202447,-0.7614203204071653,8
shuffle,196,8.906849514490533,33.77303181991861,2.5099989930256688,-0.2357926966615318,488
shuffle,197,8.906973660986033,16.47232989371023,0.7636394818042975,-0.8464225371268908,21
shuffle,198,8.907917771281827,15.464682982437544,0.6617702490588435,-0.8169453760605225,42
shuffle,199,8.906957453179576,5.65655993668949,-0.3280924069626332,-0.9098275382537908,0
block,0,3.047988679007042,6.227410979611792,0.7854326068383797,-0.7597240792165694,12
block,1,5.0065474213828836,14.666753441918624,1.608279323017761,-0.7643840645681084,41
block,2,4.101579257214223,9.004185448536036,0.960997750723751,-0.4736667365352541,74
block,3,512.1760219881927,579.4464989118609,0.13108655518050671,-0.7616198601870707,1
block,4,85.26937287422172,40.61805290999719,-0.5175802080922145,-0.8505255593086799,0
block,5,67.71053067888943,114.36480721148956,0.6789974705716275,-0.40996485336721517,434
block,6,32.714935415536,21.107463332126212,-0.3442827915980824,-0.7195803462799739,0
block,7,9.00286905256223,9.76386751668885,0.07607801922906199,-0.8175760084917556,2
block,8,0.38395815621787466,4.485588481778972,2.963695330767922,-0.039829441117649744,668
block,9,-0.6294161288941387,1.3049055390254467,5.219659620229465,0.08091175493275493,742
block,10,43.81359669774325,48.20109986579451,0.09790562443902684,-0.8291797274367904,1
block,11,36.21263408276643,43.92187324982433,0.20716725265702518,-0.7600375150075567,2
block,12,-0.1283149844671222,16.6602959531784,19.259951288003183,1.6891004164444665,1387
block,13,1915.624647203115,428.4069907670083,-0.7759566582879794,-0.9269940334309927,0
block,14,0.5069864496240362,2.1856720643495002,1.1139354405902346,-0.5526003195696001,65
block,15,3.8840622244060254,8.339479139100122,0.9122359032262211,-0.3124925426280508,246
block,16,-0.30768465397087474,4.504433618181603,6.950760660951802,0.24070955621866208,931
block,17,47.87158633180635,180.62063527833536,2.7162827915027994,-0.1894063430622951,478
block,18,0.949393651737324,13.327845582881341,6.349898554410591,-0.4352060191507166,315
block,19,26.65228077524005,80.25435611669529,1.9384323404328634,-0.19475227187811867,489
block,20,13.099546038392381,61.620044372017446,3.4412808895765936,0.22271246438729497,945
block,21,0.06269462001931347,3.6463992478009084,3.3722807665258197,0.1971414573863619,1014
block,22,37.19366811028213,75.14924861703417,0.9937663069479834,-0.21370156787412953,392
block,23,3.9516638467658494,22.68981795479323,3.7842136881456723,-0.5444909070020938,142
block,24,3.3743874549548014,26.97334646039712,5.394803100651759,-0.05754735650016085,638
block,25,24.859223617900284,45.54743659784535,0.8000322548595102,-0.8162387633317262,7
block,26,-0.5015828217465328,5.4069604300979455,11.854613985314371,-0.23838454820957483,581
block,27,-0.5511035617432409,1.7537845411810258,5.134565361835017,-0.1903467466140326,396
block,28,4.1817586275215035,12.136176807999234,1.5350808002190606,-0.47287169672101387,79
block,29,43.40568790898424,95.69839948803482,1.1776129149543166,-0.8436643982503074,45
block,30,0.015817787156889862,12.818780338055351,12.60360146550681,0.023785268970139994,722
block,31,11.857633420557853,14.175314344421109,0.18025719415499553,-0.8732633462624517,1
block,32,14.237936210858711,54.69234708528628,2.6548484200635607,0.20746410039532714,901
block,33,3.1511197274783944,50.57217209078253,11.423677339248933,1.732713772019045,1318
block,34,-0.7786843476198881,1.6416557784295125,10.93614527495074,-0.1426359530082164,515
block,35,198.79595072632836,121.78105414835058,-0.38546775496701324,-0.8852555579580224,0
block,36,15.530211411808175,111.33456068485143,5.795712280159131,-0.7070643605782285,14
block,37,-0.6653839920659814,7.804450626694868,25.312102284212827,2.184540913855842,1403
block,38,-0.22673321216166276,5.924915942451883,7.955403298530957,0.9078722339791672,1365
block,39,52.322699171901135,32.143654810074565,-0.3784325376473082,-0.8221012838577844,0
block,40,3.2374522439302718,16.753575268588833,3.189681498834367,0.2779067718988899,1054
block,41,17.12466083717135,10.645449524831411,-0.35748041690534205,-0.8174486831289987,0
block,42,22.154703910950037,34.61011469305523,0.53792140162997,-0.7983243285779799,33
block,43,2.2597680961296995,2.717848723749301,0.14052552639050542,-0.7964750480922401,3
block,44,2.1753239636275907,18.285084338726158,5.073422604947139,1.9066557848255474,1388
block,45,293.0816730129802,231.97668688600777,-0.20778236705785946,-0.8481366272043265,0
block,46,169.4834239152859,95.16383117581236,-0.4359344212631683,-0.874859497895717,0
block,47,1.735762106842846,58.330244152989685,20.68691641886166,2.0746683005783995,1236
block,48,2.8856115182161703,7.8485668351904305,1.277264928237778,-0.5068753371811754,23
block,49,0.3403614382152065,17.27944083633649,12.637695262762081,3.1663481418293182,1292
block,50,11.08462900996072,13.107709577190395,0.1674094062434317,-0.6521517532257994,7
block,51,0.5848112639863421,38.96611475664706,24.21821725075238,4.16983553914014,1410
block,52,21.93053000117022,60.71317371519232,1.6913103932636053,-0.30921862260237337,263
block,53,65.86906970355828,148.96295139354726,1.2426355272827632,-0.9176440418653155,23
block,54,5.404636175795037,11.271455285573607,0.916026913745853,-0.4453592320530825,126
block,55,3.093281868101042,27.50758454649363,5.96448118285069,0.6051953440729023,1281
block,56,3.964731283945328,7.195172966097715,0.6506780523245659,-0.43040376467706903,39
block,57,119.73047086301469,128.63977544701052,0.0737949957480466,-0.7273299812070863,2
block,58,13.412971255965068,14.852477520766428,0.09987574659219511,-0.9033326096518872,1
block,59,15.557930555321885,27.43229248775552,0.7171404598394753,-0.8704161010893936,38
block,60,1.174708743141081,6.786558899104827,2.580506549975132,0.30614150234836834,969
block,61,13.86795617496522,24.460724190305786,0.7124562307478919,-0.31462454470726375,132
block,62,25.602945687221425,36.30280636808493,0.402205861210442,-0.8794480722054853,3
block,63,-0.7168201795732083,-0.19746870459843846,1.8339988852031701,-0.44616819272443115,195
block,64,3.4968079805588212,8.242537049222856,1.0553550627870658,-0.7558902594221479,12
block,65,1.0602091113327576,4.788683996918485,1.8097555559172158,-0.4653892461818197,88
block,66,9.234208605026128,13.716940415538478,0.43801450444451895,-0.9171288269096465,10
block,67,29.586784667270628,37.0753901201987,0.2448314046210045,-0.6711437152168948,4
block,68,10.107842377756322,8.992652923317513,-0.10039658616978564,-0.7467356403290166,0
block,69,-0.6876511873635839,1.3838821867081328,6.632115411570483,0.020532419152667458,743
block,70,3.2222730651371023,9.423578567577911,1.4687125647188441,-0.7239087350688549,60
block,71,5.921253761175457,34.544747603766396,4.135593756604255,0.09477511115441495,776
block,72,59.377717431899804,51.68666759034751,-0.1273822557175509,-0.7997787170623533,0
block,73,6.090084904936834,25.154522914793116,2.688887124127624,-0.43526517645602925,207
block,74,10.691104175159701,16.110531227215375,0.4635513438987593,-0.6372232741376983,3
block,75,4.735137166209309,16.07515284703586,1.977287613562316,0.04560697117760082,785
block,76,1.2516119340280407,13.684904631464454,5.521951855706221,-0.31024325201311664,266
block,77,70.85205499516285,59.50143740792539,-0.15797206618518556,-0.7899369117904098,0
block,78,55.01526078560479,24.578201842642482,-0.543370833520858,-0.9289243976718167,0
block,79,37.41089410366715,82.5714025878401,1.1757213555687946,-0.613452970440588,45
block,80,38.97605274179253,113.99143278848956,1.8765079316666253,-0.4419438692351956,171
block,81,322.2740614062603,303.8849045312367,-0.056884108780734466,-0.6580900759042592,0
block,82,19.170553951844003,14.584809658437829,-0.22734845579126706,-0.7554186291402294,0
block,83,107.16313487239842,359.73712260727086,2.3351208157274432,-0.7638859143116538,85
block,84,36.551799937545525,98.22941408875151,1.6424675848770347,-0.28655034997923284,294
block,85,58.82203068183133,41.05013733513894,-0.29707940610063455,-0.9132715003027609,0
block,86,2.5611979907921785,4.194749554947275,0.4587084369863179,-0.38558596674506995,148
block,87,50.72202802657149,26.629323397876732,-0.46581129062297133,-0.8542868053830588,0
block,88,75.99479961608218,288.05582630121256,2.754225320963579,-0.9074308295739322,11
block,89,23.257320184729437,60.08106433379571,1.5180466708044569,-0.4754837495052526,187
block,90,462.26825583394293,147.33687102530766,-0.679803506591916,-0.8403710824630549,0
block,91,38.93046066989377,111.42087143284475,1.815416339977423,-0.7809710108606884,104
block,92,42.38828882801314,27.142051948061464,-0.3513906008228681,-0.8229773365788431,0
block,93,74.06065230505938,42.214833208832545,-0.4242678170021752,-0.8417395498452676,0
block,94,1.8198631481542868,18.755732620969045,6.005918934009249,-0.688404441848876,197
block,95,5.0663731449235,9.623636068492155,0.7512335319139232,-0.4445695699773679,113
block,96,0.6589631738318651,7.659221870293154,4.2196588850686325,0.04837051581428098,768
block,97,28.752823719609665,20.272837438739167,-0.28501450352362556,-0.7066460095456356,0
block,98,5.431257188994461,14.937700393516474,1.4781624999836716,-0.6687727513866196,41
block,99,2.882479784181495,8.145012800393047,1.3554566433682025,-0.17428178932550864,479
block,100,7.858599074203001,32.15476717467168,2.7426648273564163,-0.33191687556063326,196
block,101,-0.18420229284750522,3.029985302760293,3.9399321270793664,-0.33602372959783744,352
block,102,23.32563292589865,21.932586964631977,-0.05726658646499372,-0.9044815531587556,0
block,103,0.6262592407063257,10.424911780056695,6.02527093718131,-0.7820640584847357,214
block,104,9.387402845796112,19.96251182723585,1.018070555116633,-0.27961095749025366,381
block,105,21.064005506033133,55.07716165427747,1.541567606069707,-0.3369864128261349,254
block,106,60.14401848189647,36.15900596511145,-0.3922707913593626,-0.8552069222035036,0
block,107,2.6082880864342237,10.37535524005649,2.152562923903846,-0.3415966450024233,288
block,108,1.293953198000442,8.456350561776443,3.1222944609415793,0.28512856554439037,1013
block,109,35.929242557353106,116.30755372395049,2.1765491410165136,-0.47432668219307383,292
block,110,4.703946461904868,19.611999296799258,2.613638282627876,-0.21889970043074952,462
block,111,4.49819116259403,6.321009512929639,0.3315305518543683,-0.7328923876393596,3
block,112,-0.8789478517147059,22.588445720572086,193.86185131534512,14.397421894075354,1412
block,113,-0.7002543040873701,3.3561470579322705,13.532809369186083,3.054967357453326,1410
block,114,7.881168772071982,21.903472555829822,1.5788804540966321,-0.1701422479186268,456
block,115,0.7436185113851206,21.350107937768186,11.818232768137674,2.35903631902252,1334
block,116,5.389362391640086,8.485694109634482,0.4846073094939287,-0.662980516159335,7
block,117,22.885419467790545,13.81996380272231,-0.379539311725004,-0.8390068059659113,0
block,118,6.988673273214182,12.62339648951309,0.7053390498760277,-0.6591173035202708,33
block,119,0.16581137403564772,8.630784433817755,7.261014301549668,0.20163050871342114,836
block,120,2.1265207384067484,17.02244518561366,4.764377304209971,0.7565559437297958,1145
block,121,22.531165892705936,14.785881215463954,-0.3291500605009471,-0.8461707163074423,0
block,122,291.767544553415,154.53783443584854,-0.4687326606741722,-0.8761798901003512,0
block,123,5.038609312095866,15.526053000080548,1.7367316125216794,-0.4878215788767199,334
block,124,5.320061797892464,17.656924442988178,1.9520161415525492,-0.44029377842315276,339
block,125,0.6141154072163577,0.8627516271028071,0.1540386881723892,-0.808124241136112,3
block,126,93.83349951198957,626.4540792805548,5.6163758852031735,-0.5030288800054052,489
block,127,2.0074705224658476,12.712189287337004,3.559376121862793,0.6291120717472671,975
block,128,560.4615199354763,259.9542110753347,-0.5352233380030678,-0.9511615576024681,0
block,129,3.49665545979673,18.56048519772886,3.3500075495250607,-0.6059418353693364,118
block,130,2.836618498341744,5.112252122795035,0.5931352375631982,-0.608325201102089,19
block,131,35.876740393479,51.833375382916465,0.43270188251939756,-0.8558210430912809,4
block,132,7.257462549111844,47.50489886731251,4.874068284152206,-0.7245719705594024,76
block,133,3.6363218191106785,18.759405193295745,3.2618709322222843,-0.9051734378236382,42
block,134,36.66314372842213,104.07652497912376,1.789903193870372,-0.4499553335423269,53
block,135,-0.6380698399995891,5.975779783963386,18.273828364995794,4.431094211518133,1404
block,136,2.883199408244127,17.35899582148442,3.727801457351849,-0.9025452767295573,21
block,137,2.869543348638675,48.02581504964937,11.669664255576022,-0.4068772400826173,491
block,138,5.080195579045201,41.98754588599942,6.070092619084785,0.2966658172255844,1059
block,139,0.212871841376425,9.660582866105557,7.789537775077223,0.8216991939701493,1302
block,140,63.499790167701775,47.47194265717243,-0.24849456825915817,-0.9252497354545102,0
block,141,9.105646297065109,16.988760447849376,0.7800702616193571,-0.694624776873181,19
block,142,5.841278430082047,12.990701008507807,1.0450418955306309,-0.7949672252794657,10
block,143,19.830607681068926,56.423088108927665,1.7566688878267516,-0.42703620956954536,248
block,144,-0.24549683250144594,3.85060330703019,5.428870700585211,-0.49854555363665415,117
block,145,3.6691362930258844,9.855850237360888,1.3250232068778693,-0.08703828053848206,633
block,146,3.234687867703678,14.654899821261472,2.6968249633356267,0.23588269848315047,976
block,147,638.4175074735574,324.7494734056705,-0.49055277717878,-0.8230000556127955,0
block,148,-0.34866414207348384,1.6299556323483957,3.037787264961402,-0.41462385486849,138
block,149,1.6533586827140638,37.423729841106145,13.481166866517773,1.334605712710137,1344
block,150,3.1033945070596287,12.17715471376264,2.2112814624799504,-0.47053001289029334,197
block,151,0.024188094375207747,11.003471267715756,10.719987113342022,-0.14653178458724903,625
block,152,11.245597173923489,20.13235291116533,0.7257102786433178,-0.7134673614259529,26
block,153,2.0834339040878977,32.59204400838308,9.894361628393604,-0.14583313846052265,550
block,154,2.088346979998702,11.890704043056335,3.1739817859008035,-0.5964166856692914,75
block,155,41.38240166712127,95.19002778797082,1.2695747292346473,-0.3292191199712798,165
block,156,25.404787627099306,35.97933715474417,0.40047849189259055,-0.8675410175503853,2
block,157,67.92605909216682,35.21300134296441,-0.47461088273535323,-0.8426634253092085,0
block,158,0.8853166159234223,27.290549626123322,14.005728686195607,0.0814744109760509,778
block,159,2.2635393382429956,8.119576485863897,1.7943822766278155,0.27977578355259336,982
block,160,102.47280305983408,114.19206078334824,0.11325930463812206,-0.652043564158961,4
block,161,55.523559225552845,48.47640588942312,-0.12467639038809664,-0.6643344375565177,0
block,162,92.63390319361025,72.44126413194515,-0.21565521005689625,-0.7914753116327689,0
block,163,16.91140821930323,19.686749933557856,0.1549482698553888,-0.5384578236816786,5
block,164,5.45522025124543,6.4131772356057235,0.14840035615755642,-0.7515704807612449,3
block,165,3.387585050551296,9.236197608378735,1.3329912675066131,-0.40663905983449067,117
block,166,2.4444427602609267,11.080639439701047,2.5072841328871154,0.43854525002782085,1248
block,167,9.829522345664095,69.5793408916157,5.51730876384166,0.05098560439815247,743
block,168,54.40354196460957,82.20985065830713,0.501886841665458,-0.6882964643572647,11
block,169,16.92501782191684,12.558119169027234,-0.24362032419015045,-0.8269241844829092,0
block,170,77.51179614836113,32.37681535073702,-0.5748815211453581,-0.8616044598297354,0
block,171,86.26455596344847,43.046113575630486,-0.49525768979928586,-0.9519744785671107,0
block,172,61.61101954754801,55.21580817978328,-0.10214194584242609,-0.8650293670079139,0
block,173,40.55455828291042,31.391982194019853,-0.22049509049067995,-0.8267470151082305,0
block,174,14.843246910553942,21.62108794062702,0.427806311947208,-0.6473693100528879,13
block,175,8.42480069304805,9.684696532072117,0.13367877794523486,-0.6804828191258581,3
block,176,1.435620503877491,1.9051162535477912,0.1927622751257292,-0.7254017188478495,3
block,177,-0.06421739247885305,4.190005964821928,4.5461663030584205,0.9021085174738718,1100
block,178,7.380023744946646,23.078916439187093,1.873370908251573,-0.4442686820454721,208
block,179,32.84786503692832,100.58328397791276,2.0011725663371824,-0.3616819666317707,102
block,180,4.047557888683953,32.806604356765384,5.69761597634292,0.7531459368747061,1225
block,181,0.9389660461883427,9.757849627988,4.548240336201859,0.6145567122271292,1199
block,182,230.08695033843907,127.07922609821648,-0.44575309894982096,-0.86660658656215,0
block,183,7.217190952288782,49.42929935696637,5.137048493794586,-0.22117427103178594,556
block,184,155.552243549547,224.1470110662112,0.43815895551158124,-0.4533510072221057,26
block,185,13.491943333366189,18.854164710079736,0.37001396247303786,-0.659333076078134,27
block,186,1.752439717460915,17.56173870516258,5.743740321508479,-0.6199081008902269,66
block,187,16.816927975648326,129.06217861326485,6.299921669494885,-0.9711824956516453,41
block,188,32.69091641516102,64.61846186994568,0.9476603444487239,-0.6927119334825205,67
block,189,0.8763230532368185,9.573850684301327,4.63541052595422,0.39285801662654474,935
block,190,43.90976239848205,46.90055504951961,0.06659560174245427,-0.7035700534254583,1
block,191,-0.5192443694526281,6.986589700544168,15.612576521362652,1.208425553051992,1316
block,192,1.588641286300816,11.301238336428971,3.7520057728846297,-0.14252360683871096,552
block,193,52.15739913197076,100.33248714612509,0.9062724813633725,-0.7761273894172709,2
block,194,3.598874926587646,39.55703814557638,7.818904360956301,0.3424658548621444,1003
block,195,2.953620674441775,5.933056001904323,0.753596658051477,-0.8633891463863803,7
block,196,1.0961852325966057,5.212843362449807,1.9638808946067123,0.06875810157343643,781
block,197,3.9175252176554425,8.340898162481349,0.8995120002526116,-0.8981910029752456,1
block,198,249.5224360826706,174.09237015341574,-0.30109106038057,-0.8974764907317869,0
block,199,83.69162988679693,89.50768199820017,0.06867328116340743,-0.7768486735914172,2
