model,arm,seed,fold,n_train,n_test,mae,r2,mdape_uf_m2,fit_seconds,predict_seconds,peak_memory_mb,flops_estimate,energy_joules,started_at,notes
ridge,full,0,0,642080,163760,0.08052323224558953,0.7228961339407707,13.916820375427477,1.3492558000143617,0.16350580006837845,325.8327039999999,52008723.0,,2026-08-09T14:16:26,
random_forest,full,0,0,642080,163760,0.04161400919859649,0.8847848999043502,4.933839179048093,88.81397200003266,1.021162400022149,2251.32544,,,2026-08-09T14:16:27,
lightgbm,full,0,0,642080,163760,0.05074014201307784,0.8799111183596585,8.23791749355866,2.3461798999924213,0.6964405999751762,73.04806400000007,,,2026-08-09T14:17:57,
catboost,full,0,0,642080,163760,0.04658671053105111,0.8868115818058927,6.739792709952813,240.26067129999865,0.21190340002067387,712.482816,,,2026-08-09T14:18:01,
mlp,full,0,0,642080,163760,0.05412025825648542,0.8649242826317279,8.680666807086109,40.011066899984144,0.1881831999635324,326.033408,53934720000.0,,2026-08-09T14:22:03,
ridge,full,0,1,645469,160371,0.07907682352617494,0.7397663389673805,13.387301919748202,1.9520161000546068,0.19359619996976107,315.8179839999999,52283232.0,,2026-08-09T14:23:39,
random_forest,full,0,1,645469,160371,0.038612444328217185,0.8919228132135136,4.349685092395757,153.6611106999917,1.2221878999844193,2245.197824,,,2026-08-09T14:23:41,
lightgbm,full,0,1,645469,160371,0.04802485101162376,0.8864534224886149,7.281458512128366,6.607963100075722,0.47751490003429353,77.13587199999995,,,2026-08-09T14:26:17,
catboost,full,0,1,645469,160371,0.04331975892992202,0.899345964616779,6.368676311354353,211.9225195000181,0.20800860004965216,676.749312,,,2026-08-09T14:26:24,
mlp,full,0,1,645469,160371,0.04972456319665045,0.8815708563233496,8.01519531287448,41.91322620003484,0.21148099994752556,317.5792640000001,54219396000.0,,2026-08-09T14:29:56,
ridge,full,0,2,643414,162426,0.07761926985107913,0.7495667339905705,13.256338965285869,1.6293950999388471,0.1453783999895677,324.36224000000004,52116777.0,,2026-08-09T14:31:23,
random_forest,full,0,2,643414,162426,0.038487747834762914,0.9039101814917467,4.79021785264592,117.61263170000166,1.4319233999121934,2278.11328,,,2026-08-09T14:31:25,
lightgbm,full,0,2,643414,162426,0.04698074212444572,0.900982739201779,7.510043214013852,3.097433299990371,0.809332299977541,75.76371199999994,,,2026-08-09T14:33:25,
catboost,full,0,2,643414,162426,0.041945633174330234,0.9144696555787712,6.327414040413114,247.5319531999994,0.23208540002815425,697.167872,,,2026-08-09T14:33:29,
mlp,full,0,2,643414,162426,0.04771284924687412,0.8960420381031323,7.482277946937923,42.5457220999524,0.22293180006090552,326.92224,54046776000.0,,2026-08-09T14:37:37,
ridge,full,0,3,651103,154737,0.0760696565601313,0.7422972884599137,13.206806575378968,1.316036899923347,0.12623910000547767,328.183808,52739586.0,,2026-08-09T14:39:05,
random_forest,full,0,3,651103,154737,0.03677768899055679,0.9057317058680567,4.367680966964954,89.8404704000568,0.9630052999127656,2290.622464,,,2026-08-09T14:39:07,
lightgbm,full,0,3,651103,154737,0.04631597199459995,0.899752693965307,7.747344549864654,2.675789500004612,0.5123420999152586,78.47116799999992,,,2026-08-09T14:40:38,
catboost,full,0,3,651103,154737,0.0417256300085134,0.910241146582056,6.47787935411359,216.17677819996607,0.2090785000473261,644.263936,,,2026-08-09T14:40:41,
mlp,full,0,3,651103,154737,0.04767683057643835,0.8909044925416972,7.649119382387404,43.83429350005463,0.18404399999417365,306.31936,54692652000.0,,2026-08-09T14:44:17,
ridge,full,0,4,641294,164546,0.07859780875621307,0.7229617164507863,13.357590382061742,1.197152299922891,0.13835160003509372,323.293184,51945057.0,,2026-08-09T14:45:47,
random_forest,full,0,4,641294,164546,0.04024661190653804,0.8804210329435246,4.643150667282672,86.5317825000966,1.1182314000325277,2179.05152,,,2026-08-09T14:45:49,
lightgbm,full,0,4,641294,164546,0.048450127233664264,0.8778459762839878,7.663529361767396,2.6596237999619916,0.5824456000700593,75.98899200000005,,,2026-08-09T14:47:17,
catboost,full,0,4,641294,164546,0.0439398338956611,0.8890103924432399,6.653791558067623,208.40378880000208,0.21608519996516407,634.044416,,,2026-08-09T14:47:20,
mlp,full,0,4,641294,164546,0.04919265416319043,0.8742900439149299,7.568410686134475,41.0360424000537,0.1893601999618113,325.341184,53868696000.0,,2026-08-09T14:50:49,
ridge,full,1,0,643696,162144,0.07575065970694062,0.7477645823469322,12.79193466491136,1.2446962000103667,0.1501935999840498,321.830912,52139619.0,,2026-08-09T14:52:15,
random_forest,full,1,0,643696,162144,0.03858221614629342,0.9026923203151502,4.714838212874678,87.9874936999986,1.0753059000708163,2268.065792,,,2026-08-09T14:52:16,
lightgbm,full,1,0,643696,162144,0.047171997639914594,0.9009313570097441,7.713165487031051,2.017299000057392,0.5293783999513835,81.788928,,,2026-08-09T14:53:46,
catboost,full,1,0,643696,162144,0.042219126593423806,0.9164105382233418,6.675097210128804,245.15589589998126,0.24019219994079322,663.056384,,,2026-08-09T14:53:48,
mlp,full,1,0,643696,162144,0.04815856305021011,0.8964127670401056,7.828153377620732,41.23435310006607,0.17923149990383536,316.727296,54070464000.0,,2026-08-09T14:57:54,
ridge,full,1,1,643685,162155,0.077602819200197,0.7349984582060649,13.847822987058652,1.0285808000480756,0.12987239996436983,314.159104,52138728.0,,2026-08-09T14:59:14,
random_forest,full,1,1,643685,162155,0.03848135166763512,0.8982581093115941,4.63035486379167,55.5337770000333,0.6536167999729514,2227.5440639999997,,,2026-08-09T14:59:15,
lightgbm,full,1,1,643685,162155,0.04796847899571739,0.8908719157014666,7.876999390652354,1.3217490001115948,0.3698648000136018,78.81523200000004,,,2026-08-09T15:00:12,
catboost,full,1,1,643685,162155,0.0425158032714191,0.9065451092497686,6.666537324174891,147.13318809994962,0.20128889998886734,677.6750079999999,,,2026-08-09T15:00:13,
mlp,full,1,1,643685,162155,0.05171851609277803,0.8743492809102819,8.297764856261889,34.23940760002006,0.18673259997740388,316.88704,54069540000.0,,2026-08-09T15:02:41,
ridge,full,1,2,644230,161610,0.07748160907545948,0.7487555142962548,13.698781554224343,1.0213427999988198,0.11565169994719326,324.722688,52182873.0,,2026-08-09T15:03:55,
random_forest,full,1,2,644230,161610,0.04083111954925318,0.8880505944517711,4.9948686235300075,56.39632709999569,0.6940290000056848,2270.982144,,,2026-08-09T15:03:56,
lightgbm,full,1,2,644230,161610,0.04797126738909202,0.8889993214410177,7.785191881722745,1.6557959999190643,0.38924100005533546,78.954496,,,2026-08-09T15:04:53,
catboost,full,1,2,644230,161610,0.04428178984976915,0.8980565969988751,6.6518994110268554,137.90287560003344,0.17399229994043708,664.0107519999999,,,2026-08-09T15:04:55,
mlp,full,1,2,644230,161610,0.0494900634920057,0.8831521369375189,7.841828880049113,32.864397799945436,0.15613020001910627,327.364608,54115320000.0,,2026-08-09T15:07:14,
ridge,full,1,3,647685,158155,0.08293078380993216,0.7087059629108163,13.785959503436471,1.058878899901174,0.1074318999890238,326.520832,52462728.0,,2026-08-09T15:08:25,
random_forest,full,1,3,647685,158155,0.04053752916215699,0.8834211909919176,4.76408478462126,54.63980680005625,0.7852099000010639,2249.158656,,,2026-08-09T15:08:27,
lightgbm,full,1,3,647685,158155,0.05062195642069845,0.8740823819531762,7.444560363132665,1.7814837000332773,0.35849389992654324,73.45766400000002,,,2026-08-09T15:09:22,
catboost,full,1,3,647685,158155,0.04621184617237589,0.8855209742231483,6.659597708287729,141.00902510003652,0.17243189993314445,668.38528,,,2026-08-09T15:09:24,
mlp,full,1,3,647685,158155,0.05154556493087189,0.8712167143970507,7.796742408413958,33.33721250004601,0.15191379992756993,253.12051200000002,54405540000.0,,2026-08-09T15:11:46,
ridge,full,1,4,644064,161776,0.07838314536726307,0.7367348220479814,13.166158689572512,1.046007400029339,0.11910330003593117,324.69401600000003,52169427.0,,2026-08-09T15:12:58,
random_forest,full,1,4,644064,161776,0.03790661257770535,0.9019489029656308,4.31726391547989,55.60955519997515,0.6771634999895468,2237.2884480000002,,,2026-08-09T15:12:59,
lightgbm,full,1,4,644064,161776,0.0478333777332941,0.894498322989659,7.8672457150547075,1.4300960999680683,0.4266615000087768,77.32019199999996,,,2026-08-09T15:13:56,
catboost,full,1,4,644064,161776,0.04333418002891003,0.9044973023007499,6.644895373885623,138.8792695000302,0.1695033999858424,657.4530559999998,,,2026-08-09T15:13:58,
mlp,full,1,4,644064,161776,0.04919518513440889,0.887119169761877,7.641060591008861,33.2364684001077,0.1671175000956282,272.625664,54101376000.0,,2026-08-09T15:16:17,
ridge,full,2,0,644929,160911,0.07657502602854603,0.7461564427868608,13.278911443747853,0.9894997000228614,0.14076430001296103,314.89228800000006,52239492.0,,2026-08-09T15:17:30,
random_forest,full,2,0,644929,160911,0.03842103804731077,0.9004287664213522,4.462501948350154,55.874454400036484,0.6811367999762297,2283.66336,,,2026-08-09T15:17:31,
lightgbm,full,2,0,644929,160911,0.04675497056755138,0.8967961439200773,7.438153250720532,1.5897494000382721,0.39145569992251694,80.543744,,,2026-08-09T15:18:28,
catboost,full,2,0,644929,160911,0.04153589599246856,0.9138102150460363,6.417678953977971,140.70322500006296,0.17276929994113743,657.2032000000002,,,2026-08-09T15:18:30,
mlp,full,2,0,644929,160911,0.049426561135448195,0.8844381794574119,7.805458188851085,33.19295170006808,0.19682989991270006,317.104128,54174036000.0,,2026-08-09T15:20:51,
ridge,full,2,1,648958,156882,0.08089199650376207,0.7168380014983536,13.656685647086203,1.0935455999569967,0.1097101999912411,327.10246399999994,52565841.0,,2026-08-09T15:22:03,
random_forest,full,2,1,648958,156882,0.042097553615604716,0.8660662632450019,4.9873648012300045,71.06270939996466,1.0147032000822946,2256.912384,,,2026-08-09T15:22:04,
lightgbm,full,2,1,648958,156882,0.05128109942234567,0.8669992023606212,8.01780004267897,3.355493300012313,0.5280296000419185,77.74617600000005,,,2026-08-09T15:23:16,
catboost,full,2,1,648958,156882,0.04641087468413151,0.8809568151177852,6.974836433645285,192.23717229999602,0.22574659995734692,657.1376640000001,,,2026-08-09T15:23:20,
mlp,full,2,1,648958,156882,0.0541982108107049,0.8588952547227052,8.625276091195863,39.53321150003467,0.1876744000473991,329.859072,54512472000.0,,2026-08-09T15:26:33,
ridge,full,2,2,641984,163856,0.07819270714371919,0.7375023710116342,13.212627749240669,1.0470171999186277,0.11432609998155385,323.64544000000006,52000947.0,,2026-08-09T15:27:57,
random_forest,full,2,2,641984,163856,0.03883378655313656,0.9028225032480837,4.690194868655671,76.7150078000268,0.7396165999816731,2283.1349760000003,,,2026-08-09T15:27:58,
lightgbm,full,2,2,641984,163856,0.04773056268683398,0.8992466240691307,7.847968766997421,1.5139141000108793,0.5121782999485731,76.89420799999999,,,2026-08-09T15:29:16,
catboost,full,2,2,641984,163856,0.043015543532566536,0.9118708104031255,6.838846510311488,182.6664663000265,0.2138544999761507,677.900288,,,2026-08-09T15:29:18,
mlp,full,2,2,641984,163856,0.04902663301534602,0.8936091961325554,8.121120581262147,46.51052270003129,0.19626490003429353,325.82041599999997,53926656000.0,,2026-08-09T15:32:21,
ridge,full,2,3,643999,161841,0.07796830257893911,0.7344972470165745,13.43476130665773,1.0806439999723807,0.13689439999870956,314.384384,52164162.0,,2026-08-09T15:33:54,
random_forest,full,2,3,643999,161841,0.03791290397798046,0.9028647045494654,4.346866642001121,86.39092430006713,1.082434199983254,2279.395328,,,2026-08-09T15:33:55,
lightgbm,full,2,3,643999,161841,0.0485815810107675,0.8844196803628103,7.835957462299044,4.150909199961461,0.7945238000247627,81.17862399999996,,,2026-08-09T15:35:23,
catboost,full,2,3,643999,161841,0.04310013811290127,0.9009509772401757,6.399913117105441,188.44218929996714,0.18523210007697344,651.5179520000002,,,2026-08-09T15:35:28,
mlp,full,2,3,643999,161841,0.048972439944984694,0.884948693079693,7.6640564024217,36.93990500003565,0.1898718000156805,316.86656,54095916000.0,,2026-08-09T15:38:37,
ridge,full,2,4,643490,162350,0.0786320177094458,0.7424695238904269,13.490409893215261,1.2528147000120953,0.13400729990098625,324.34585599999997,52122933.0,,2026-08-09T15:39:57,
random_forest,full,2,4,643490,162350,0.04009734943117948,0.894617876990788,4.800113961377976,80.79656199994497,0.8762657000916079,2227.023872,,,2026-08-09T15:39:58,
lightgbm,full,2,4,643490,162350,0.04679025397263651,0.8947302193312421,7.239258411930778,1.6908938999986276,0.5575992999365553,80.07679999999999,,,2026-08-09T15:41:20,
catboost,full,2,4,643490,162350,0.04230838381969134,0.9061272376416512,6.325737207213549,183.84823669993784,0.2299681999720633,641.028096,,,2026-08-09T15:41:22,
mlp,full,2,4,643490,162350,0.048162733645803084,0.8940514587598019,7.496565540587766,38.70788840006571,0.16579900006763637,326.705152,54053160000.0,,2026-08-09T15:44:27,
ridge,full,3,0,645075,160765,0.07842154144324807,0.7245474215152357,13.587756852977684,1.113169900025241,0.11629090004134923,332.750848,52251318.0,,2026-08-09T15:45:49,
random_forest,full,3,0,645075,160765,0.039484200677382154,0.8895206613580723,4.645093811957998,71.79989290004596,0.9118595999898389,2260.021248,,,2026-08-09T15:45:50,
lightgbm,full,3,0,645075,160765,0.048864621826044424,0.8846222484227444,7.845263157495705,2.325853299931623,0.43504250003024936,81.227776,,,2026-08-09T15:47:03,
catboost,full,3,0,645075,160765,0.04282201131856837,0.9046733692257702,6.738526854009698,191.10587130009662,0.19221309991553426,657.4448639999999,,,2026-08-09T15:47:06,
mlp,full,3,0,645075,160765,0.050854679722357035,0.8717117419920586,8.072905070713585,40.97084730002098,0.1648698999779299,319.71328000000005,54186300000.0,,2026-08-09T15:50:17,
ridge,full,3,1,642799,163041,0.07827238554941492,0.733819158913301,13.158065362332168,1.1647935999790207,0.115610699984245,331.239424,52066962.0,,2026-08-09T15:51:40,
random_forest,full,3,1,642799,163041,0.04067482470505567,0.8886900986350647,4.718990077644867,65.10427389992401,0.9225559000624344,2234.310656,,,2026-08-09T15:51:41,
lightgbm,full,3,1,642799,163041,0.04905712934265087,0.8842450449329972,7.613815433172712,1.5544989000773057,0.4442269999999553,82.702336,,,2026-08-09T15:52:47,
catboost,full,3,1,642799,163041,0.04409916073914704,0.896543355711082,6.413969822017967,169.5027817999944,0.18636930000502616,663.42912,,,2026-08-09T15:52:49,
mlp,full,3,1,642799,163041,0.05093146117020659,0.8717640340275072,7.79069128433896,39.550746600027196,0.2246327999746427,326.643712,53995116000.0,,2026-08-09T15:55:39,
ridge,full,3,2,643226,162614,0.08131666410298981,0.7355653719590584,13.658873770566842,1.2018456000369042,0.11124170001130551,324.27212799999995,52101549.0,,2026-08-09T15:57:01,
random_forest,full,3,2,643226,162614,0.03885509204832121,0.9102805642139857,4.916059963865437,69.33087750000414,0.7560371999861673,2257.5964160000003,,,2026-08-09T15:57:02,
lightgbm,full,3,2,643226,162614,0.04764462049974045,0.904071319650903,7.779075184372108,1.6440716999350116,0.5232059999834746,81.13766399999997,,,2026-08-09T15:58:12,
catboost,full,3,2,643226,162614,0.04331457713361728,0.9154207339902447,6.741772796894849,174.13629709999077,0.19433910003863275,622.6165760000001,,,2026-08-09T15:58:14,
mlp,full,3,2,643226,162614,0.04820186515876349,0.9003394913027669,7.774638320880095,36.58882960001938,0.16807919996790588,327.26220800000004,54030984000.0,,2026-08-09T16:01:09,
ridge,full,3,3,646760,159080,0.07730856074766991,0.7406467071660379,13.612886693575371,1.0676198999863118,0.13129469996783882,315.662336,52387803.0,,2026-08-09T16:02:26,
random_forest,full,3,3,646760,159080,0.039435467497764505,0.8874489266731133,4.519857952465917,70.24219430005178,0.7592415999388322,2248.634368,,,2026-08-09T16:02:28,
lightgbm,full,3,3,646760,159080,0.047687533048297225,0.8841640255809351,7.547522480538939,1.4800460999831557,0.449526600074023,83.53791999999999,,,2026-08-09T16:03:39,
catboost,full,3,3,646760,159080,0.04300800606585493,0.8936840185083744,6.439467169534906,148.5654358000029,0.17795299994759262,654.241792,,,2026-08-09T16:03:41,
mlp,full,3,3,646760,159080,0.05055855257261112,0.8820496168889224,8.388650997131721,32.96223380009178,0.1755219999467954,318.734336,54327840000.0,,2026-08-09T16:06:10,
ridge,full,3,4,645500,160340,0.07688517421476318,0.742078212220597,13.048003059282632,1.033663099980913,0.10558380000293255,325.419008,52285743.0,,2026-08-09T16:07:22,
random_forest,full,3,4,645500,160340,0.03922321054797102,0.8949552322801275,4.667114071195157,56.01714229991194,0.6111395000480115,2277.4251520000003,,,2026-08-09T16:07:23,
lightgbm,full,3,4,645500,160340,0.04809187571631484,0.8947188476415446,7.88705449245869,1.26150989998132,0.35796029993798584,82.73920000000004,,,2026-08-09T16:08:20,
catboost,full,3,4,645500,160340,0.04362618048897192,0.904569325613646,6.753462644843351,141.45571010001004,0.1659676000708714,650.32192,,,2026-08-09T16:08:21,
mlp,full,3,4,645500,160340,0.04905959345278758,0.8905147794904428,7.89306422959873,32.8784747000318,0.15870429994538426,276.75852800000007,54222000000.0,,2026-08-09T16:10:43,
ridge,full,4,0,637890,167950,0.07822692791161633,0.7333757034739986,13.31825892326293,0.9935855000512674,0.11101039999630302,321.589248,51669333.0,,2026-08-09T16:11:56,
random_forest,full,4,0,637890,167950,0.0422135469982825,0.8621929542794868,5.002596922130046,55.60835340002086,0.6475427999394014,2238.611456,,,2026-08-09T16:11:57,
lightgbm,full,4,0,637890,167950,0.05028319927411568,0.8623170229965964,7.568358087457342,1.2619373999768868,0.3661550999386236,81.78483200000005,,,2026-08-09T16:12:53,
catboost,full,4,0,637890,167950,0.045326431938988956,0.8785525566962392,6.6629683442719685,136.30467799992766,0.18435049999970943,659.918848,,,2026-08-09T16:12:55,
mlp,full,4,0,637890,167950,0.05167423541885053,0.8538154937986697,7.716738651395286,32.673224900034256,0.16594310000073165,324.521984,53582760000.0,,2026-08-09T16:15:12,
ridge,full,4,1,648001,157839,0.0808465444096538,0.7204434282052595,13.920129304321488,1.0186306999530643,0.10915589996147901,326.623232,52488324.0,,2026-08-09T16:16:23,
random_forest,full,4,1,648001,157839,0.03986033575240841,0.8937571398255497,4.740529447409026,56.55412869993597,0.6447321999585256,2336.759808,,,2026-08-09T16:16:24,
lightgbm,full,4,1,648001,157839,0.049009614354637666,0.8886971232308821,7.625787938750079,1.3050806000828743,0.32591169991064817,76.97612800000002,,,2026-08-09T16:17:22,
catboost,full,4,1,648001,157839,0.04406073965349189,0.900238299393935,6.722029862789952,138.04360640002415,0.17780970002058893,669.0283519999998,,,2026-08-09T16:17:23,
mlp,full,4,1,648001,157839,0.050679665654089184,0.8829710660498293,7.887299540155269,30.86779479996767,0.17355970002245158,329.355264,50544078000.0,,2026-08-09T16:19:42,
ridge,full,4,2,650313,155527,0.07750814174038644,0.7499282932949487,13.427897885794938,1.0132491999538615,0.1023825000738725,335.90067200000004,52675596.0,,2026-08-09T16:20:52,
random_forest,full,4,2,650313,155527,0.04019283168578799,0.8747291147503098,4.552293425553702,56.63997100002598,0.6078696999466047,2356.5598720000003,,,2026-08-09T16:20:53,
lightgbm,full,4,2,650313,155527,0.04953698422524747,0.8777447794816244,7.899638815825972,1.262574200052768,0.3337166999699548,82.75967999999995,,,2026-08-09T16:21:50,
catboost,full,4,2,650313,155527,0.04371383730567177,0.895995730277064,6.554613715201711,169.07474539999384,0.28143690002616495,699.1503359999999,,,2026-08-09T16:21:52,
mlp,full,4,2,650313,155527,0.04999113481500438,0.8808745927318697,7.682650138112679,43.893410600023344,0.21772399998735636,315.768832,50724414000.0,,2026-08-09T16:24:42,
ridge,full,4,3,641890,163950,0.07947153733363496,0.7305454827426483,13.470258751410519,1.4073868999257684,0.17777440010104328,313.27846399999993,51993333.0,,2026-08-09T16:26:13,
random_forest,full,4,3,641890,163950,0.03834457862370609,0.9078746928718215,4.490262876051077,76.46173839992844,0.9207043000496924,2221.9653120000003,,,2026-08-09T16:26:14,
lightgbm,full,4,3,641890,163950,0.04719435953980648,0.9039472602861847,7.8127354907732105,2.906470999936573,0.8881400000536814,78.78655999999995,,,2026-08-09T16:27:32,
catboost,full,4,3,641890,163950,0.042035885552539974,0.9168088695232033,6.442234662413273,205.9790944000706,0.20886799995787442,656.109568,,,2026-08-09T16:27:36,
mlp,full,4,3,641890,163950,0.048851686446216666,0.8940662264768374,7.782351778768594,39.39349940000102,0.22652480006217957,315.867136,53918760000.0,,2026-08-09T16:31:02,
ridge,full,4,4,645266,160574,0.07608306647197105,0.7414122206930942,12.882652725698348,1.2820122999837622,0.14767209999263287,325.35347199999995,52266789.0,,2026-08-09T16:32:27,
random_forest,full,4,4,645266,160574,0.036600158398743594,0.908004869152726,4.467938254786628,90.35193790006451,0.8725955999689177,2239.4675199999997,,,2026-08-09T16:32:28,
lightgbm,full,4,4,645266,160574,0.04612953812515404,0.9013902999126896,7.671564015898938,2.4168955999193713,0.5409405999816954,81.87494399999997,,,2026-08-09T16:34:00,
catboost,full,4,4,645266,160574,0.04151857514344151,0.9125942975969282,6.489179885679504,186.49838830006775,0.18346789991483092,697.7536,,,2026-08-09T16:34:03,
mlp,full,4,4,645266,160574,0.04774970577273101,0.8910438139983751,7.508655604339812,43.1811162000522,0.1825534999370575,249.454592,50330748000.0,,2026-08-09T16:37:10,
ridge,regime_limited,0,0,5247,560,0.07678599869600079,0.4159313584768477,11.941838374006561,0.017086500069126487,0.005786899942904711,0.0655360000000087,425250.0,,2026-08-09T16:37:53,subsampled to TabPFN's documented limit
random_forest,regime_limited,0,0,5247,560,0.0760874343456738,0.39118428611270706,13.82870889605407,0.41420629993081093,0.036383099970407784,10.981376000000012,,,2026-08-09T16:37:53,subsampled to TabPFN's documented limit
lightgbm,regime_limited,0,0,5247,560,0.08025063121510927,0.420715186686196,14.656688833174991,0.1565465999301523,0.004977900069206953,0.23347200000000612,,,2026-08-09T16:37:54,subsampled to TabPFN's documented limit
catboost,regime_limited,0,0,5247,560,0.06547647375364989,0.6022714963159541,12.27617413213652,36.90659879997838,0.00298099999781698,2.863104000000021,,,2026-08-09T16:37:54,subsampled to TabPFN's documented limit
mlp,regime_limited,0,0,5247,560,0.06440778059031828,0.5691395778294124,11.903485500571058,0.5766448000213131,0.007391899940557778,0.09011199999997643,881496000.0,,2026-08-09T16:38:31,subsampled to TabPFN's documented limit
ridge,regime_limited,0,1,3842,1965,0.08345598515477215,0.43273789088164005,13.805815045468739,0.018157799961045384,0.007403400028124452,1.3803520000000162,311445.0,,2026-08-09T16:38:31,subsampled to TabPFN's documented limit
random_forest,regime_limited,0,1,3842,1965,0.08034658988224098,0.4300075520492148,11.190317433205148,0.2636356999864802,0.04280910000670701,0.5406720000000291,,,2026-08-09T16:38:31,subsampled to TabPFN's documented limit
lightgbm,regime_limited,0,1,3842,1965,0.05362190190013475,0.6764683855803673,6.037893071003922,0.18336810008622706,0.01122009998653084,0.10649599999999282,,,2026-08-09T16:38:32,subsampled to TabPFN's documented limit
catboost,regime_limited,0,1,3842,1965,0.054089874662573006,0.7231062415689484,7.203234668715264,29.42707010009326,0.00962899997830391,1.8841600000000085,,,2026-08-09T16:38:32,subsampled to TabPFN's documented limit
mlp,regime_limited,0,1,3842,1965,0.07031981405981641,0.651256292924768,13.63793193307984,0.36705389991402626,0.006759000010788441,0.024575999999967735,645456000.0,,2026-08-09T16:39:01,subsampled to TabPFN's documented limit
tabpfn,regime_limited,0,1,3842,1965,0.05488591012606655,0.7405277229004482,7.721744129481172,3.552491100039333,264.97140519996174,1390.77632,,,2026-08-09T16:39:02,subsampled to TabPFN's documented limit
ridge,regime_limited,0,2,4372,1435,0.10687797279998364,0.7316204513926952,28.113958703830853,0.02044630004093051,0.009511200012639165,1.9496959999999035,354375.0,,2026-08-09T16:44:06,subsampled to TabPFN's documented limit
random_forest,regime_limited,0,2,4372,1435,0.04352205298060881,0.9371120921529132,9.972966518336047,0.2858390000183135,0.046026699943467975,14.057471999999962,,,2026-08-09T16:44:06,subsampled to TabPFN's documented limit
lightgbm,regime_limited,0,2,4372,1435,0.0619402314369564,0.9070837606774944,13.517686671956794,0.18151870009023696,0.009392999927513301,0.09011199999986275,,,2026-08-09T16:44:07,subsampled to TabPFN's documented limit
catboost,regime_limited,0,2,4372,1435,0.05730112791508831,0.9187841138227267,10.34894704740832,28.996088600018993,0.004433299996890128,1.9496959999999035,,,2026-08-09T16:44:07,subsampled to TabPFN's documented limit
mlp,regime_limited,0,2,4372,1435,0.05785835683506313,0.9006975441641415,5.345022615870071,0.4617464999901131,0.0082676000893116,0.02048000000013417,734496000.0,,2026-08-09T16:44:36,subsampled to TabPFN's documented limit
tabpfn,regime_limited,0,2,4372,1435,0.06674419578551806,0.8879825227825671,12.111532396416989,0.8758150000358,327.87024909991305,531.775488,,,2026-08-09T16:44:36,subsampled to TabPFN's documented limit
ridge,regime_limited,0,3,4800,1007,0.07057656931267209,0.7980260566012938,12.283568309184446,0.036068899906240404,0.00982480007223785,0.020480000000020482,389043.0,,2026-08-09T16:50:05,subsampled to TabPFN's documented limit
random_forest,regime_limited,0,3,4800,1007,0.05184737804322785,0.8831411604000996,7.321802014200698,0.8786347000859678,0.20433589990716428,7.311359999999922,,,2026-08-09T16:50:05,subsampled to TabPFN's documented limit
lightgbm,regime_limited,0,3,4800,1007,0.04520735437199492,0.9008922337423682,10.164526451458121,0.7054474999895319,0.015961700002662838,0.020479999999906795,,,2026-08-09T16:50:06,subsampled to TabPFN's documented limit
catboost,regime_limited,0,3,4800,1007,0.04660045029118198,0.9085380342717603,8.435047404667671,36.7797780999681,0.005423200083896518,1.96607999999992,,,2026-08-09T16:50:07,subsampled to TabPFN's documented limit
mlp,regime_limited,0,3,4800,1007,0.06814425793505087,0.8395382669536311,14.644262455735046,0.8128905999474227,0.014406200032681227,0.020480000000020482,777600000.0,,2026-08-09T16:50:44,subsampled to TabPFN's documented limit
tabpfn,regime_limited,0,3,4800,1007,0.03590797824534835,0.927844833303697,4.4685317857499784,1.2447749000275508,245.7912755999714,800.3993600000001,,,2026-08-09T16:50:45,subsampled to TabPFN's documented limit
ridge,regime_limited,0,4,4967,840,0.12379811667136759,0.6062849819276561,17.16620635110006,0.030274600023403764,0.011994100059382617,0.020479999999906795,402570.0,,2026-08-09T16:54:52,subsampled to TabPFN's documented limit
random_forest,regime_limited,0,4,4967,840,0.0979599107186864,0.8222349354778428,21.652636015298977,0.57170239998959,0.10021259996574372,1.0444800000000214,,,2026-08-09T16:54:52,subsampled to TabPFN's documented limit
lightgbm,regime_limited,0,4,4967,840,0.10130564939400716,0.8132627569711535,23.832157135746037,0.6884258000645787,0.011238800012506545,0.020479999999906795,,,2026-08-09T16:54:53,subsampled to TabPFN's documented limit
catboost,regime_limited,0,4,4967,840,0.09085839602928641,0.8158339220471967,14.399109812814427,36.54861609998625,0.008650200092233717,1.9333120000001145,,,2026-08-09T16:54:53,subsampled to TabPFN's documented limit
mlp,regime_limited,0,4,4967,840,0.13233883549008832,0.47268843412227746,13.51258227797909,0.8073500000173226,0.012030299985781312,0.03276800000003277,745050000.0,,2026-08-09T16:55:30,subsampled to TabPFN's documented limit
tabpfn,regime_limited,0,4,4967,840,0.09231014339400953,0.7692470276652204,9.780153426259899,1.405989299993962,241.18072000006214,588.7508479999999,,,2026-08-09T16:55:31,subsampled to TabPFN's documented limit
ridge,regime_limited,1,0,4482,1405,0.08547647561048087,0.6469526013930582,13.42971692569916,0.03087519994005561,0.009060500073246658,0.020479999999906795,363285.0,,2026-08-09T16:59:34,subsampled to TabPFN's documented limit
random_forest,regime_limited,1,0,4482,1405,0.06445824607116551,0.7770788694886965,12.160946018329808,0.42562799993902445,0.052822900004684925,10.207231999999976,,,2026-08-09T16:59:34,subsampled to TabPFN's documented limit
lightgbm,regime_limited,1,0,4482,1405,0.06602208304002077,0.7750079437646588,11.700214535945024,0.5700643999734893,0.018632999970577657,0.020479999999906795,,,2026-08-09T16:59:34,subsampled to TabPFN's documented limit
catboost,regime_limited,1,0,4482,1405,0.06096317296304641,0.8044065557242904,10.806715611760056,40.17819890007377,0.008241000003181398,1.945600000000013,,,2026-08-09T16:59:35,subsampled to TabPFN's documented limit
mlp,regime_limited,1,0,4482,1405,0.06663257035296453,0.7616514149758327,13.141863768464187,0.9463493999792263,0.014711700030602515,0.03276800000003277,806760000.0,,2026-08-09T17:00:15,subsampled to TabPFN's documented limit
tabpfn,regime_limited,1,0,4482,1405,0.04802777892342755,0.8680127821501251,8.098678668320105,1.7309732999419793,231.5133174000075,524.832768,,,2026-08-09T17:00:16,subsampled to TabPFN's documented limit
ridge,regime_limited,1,1,4613,1274,0.08118374736592436,0.6923891108253155,14.492413267532426,0.035102699999697506,0.019368499983102083,0.020479999999906795,373896.0,,2026-08-09T17:04:09,subsampled to TabPFN's documented limit
random_forest,regime_limited,1,1,4613,1274,0.07636894764435759,0.6218851928144721,13.69178130593936,0.4905981000047177,0.1046457999618724,7.348224000000073,,,2026-08-09T17:04:09,subsampled to TabPFN's documented limit
lightgbm,regime_limited,1,1,4613,1274,0.06557629392254818,0.7714845027666789,11.058521573867843,0.4817872999701649,0.0146399000659585,0.020479999999906795,,,2026-08-09T17:04:10,subsampled to TabPFN's documented limit
catboost,regime_limited,1,1,4613,1274,0.05874850507155604,0.7720112911441017,10.11974819307195,37.94798250007443,0.010423199972137809,2.801663999999846,,,2026-08-09T17:04:10,subsampled to TabPFN's documented limit
mlp,regime_limited,1,1,4613,1274,0.0694240172722885,0.7543261116762949,12.236844467737699,0.8997275999281555,0.014029200072400272,0.04095999999981359,802662000.0,,2026-08-09T17:04:48,subsampled to TabPFN's documented limit
tabpfn,regime_limited,1,1,4613,1274,0.0689414566942835,0.7074480298871184,9.211740129706742,1.2477529000025243,251.96287180006038,631.754752,,,2026-08-09T17:04:49,subsampled to TabPFN's documented limit
ridge,regime_limited,1,2,4750,1137,0.09418807705382974,0.7563903774207862,16.48959855211282,0.03655269998125732,0.008659099927172065,0.02867200000014236,384993.0,,2026-08-09T17:09:03,subsampled to TabPFN's documented limit
random_forest,regime_limited,1,2,4750,1137,0.06907911395912307,0.8449387595578332,11.841113445326924,0.5002756000030786,0.06133929989300668,3.7232640000001993,,,2026-08-09T17:09:03,subsampled to TabPFN's documented limit
lightgbm,regime_limited,1,2,4750,1137,0.057539367077725286,0.9157350014132165,11.026546769524776,0.8942084000445902,0.026903999969363213,0.028671999999914988,,,2026-08-09T17:09:03,subsampled to TabPFN's documented limit
catboost,regime_limited,1,2,4750,1137,0.04863952174586811,0.927317698048371,7.82774185915266,36.75101609993726,0.004655000055208802,2.777088000000049,,,2026-08-09T17:09:04,subsampled to TabPFN's documented limit
mlp,regime_limited,1,2,4750,1137,0.08643593476194444,0.7973303474855953,19.617919616853804,0.8077432001009583,0.00983929994981736,0.040960000000040964,826500000.0,,2026-08-09T17:09:41,subsampled to TabPFN's documented limit
tabpfn,regime_limited,1,2,4750,1137,0.06586222919423758,0.8739221041159175,13.023979299220029,1.4289213999873027,241.8066194000421,339.910656,,,2026-08-09T17:09:42,subsampled to TabPFN's documented limit
ridge,regime_limited,1,3,4836,1051,0.1119643211768224,0.4158863643034739,19.11492598350212,0.03293330001179129,0.010544699965976179,0.028671999999914988,391959.0,,2026-08-09T17:13:45,subsampled to TabPFN's documented limit
random_forest,regime_limited,1,3,4836,1051,0.07184543872593563,0.6282163998706607,9.602675870139873,0.4909080999204889,0.06813830009195954,2.7115520000002107,,,2026-08-09T17:13:45,subsampled to TabPFN's documented limit
lightgbm,regime_limited,1,3,4836,1051,0.07658184319892775,0.608311754249206,11.383884746020568,0.5843653000192717,0.014090799959376454,0.02867200000014236,,,2026-08-09T17:13:46,subsampled to TabPFN's documented limit
catboost,regime_limited,1,3,4836,1051,0.06828482743173679,0.7179129489540799,9.18531772103049,38.55716339999344,0.0042996000265702605,2.7893759999999475,,,2026-08-09T17:13:46,subsampled to TabPFN's documented limit
mlp,regime_limited,1,3,4836,1051,0.10435722921321398,0.35351827873858277,13.204640824866706,0.7235204000025988,0.010866699973121285,0.040960000000040964,841464000.0,,2026-08-09T17:14:25,subsampled to TabPFN's documented limit
tabpfn,regime_limited,1,3,4836,1051,0.07511121501828331,0.6553331286639659,10.454557672306782,1.1747372000245377,274.67747740005143,341.19270400000005,,,2026-08-09T17:14:25,subsampled to TabPFN's documented limit
ridge,regime_limited,1,4,4867,1020,0.05749695478596766,0.7656528676164999,10.367286574851502,0.020725699956528842,0.008314500097185373,0.040960000000040964,394470.0,,2026-08-09T17:19:01,subsampled to TabPFN's documented limit
random_forest,regime_limited,1,4,4867,1020,0.05162317714869737,0.7634702039204356,6.9070037296745515,0.3608724999940023,0.0459757000207901,1.0199039999999968,,,2026-08-09T17:19:01,subsampled to TabPFN's documented limit
lightgbm,regime_limited,1,4,4867,1020,0.03938679310583933,0.8618086475073433,5.95566854398787,0.26736130006611347,0.009118300047703087,0.020479999999906795,,,2026-08-09T17:19:02,subsampled to TabPFN's documented limit
catboost,regime_limited,1,4,4867,1020,0.044451622602923783,0.8328712106556466,6.676434112196432,34.686902899993584,0.004341499996371567,2.8876799999998184,,,2026-08-09T17:19:02,subsampled to TabPFN's documented limit
mlp,regime_limited,1,4,4867,1020,0.047264693967634955,0.8143111509028464,6.8470559328503,0.7426241999492049,0.016596199944615364,0.028671999999914988,846858000.0,,2026-08-09T17:19:37,subsampled to TabPFN's documented limit
tabpfn,regime_limited,1,4,4867,1020,0.04055540257042139,0.8145461358156622,4.474431965197104,1.3358278999803588,214.8752986000618,433.97119999999995,,,2026-08-09T17:19:38,subsampled to TabPFN's documented limit
ridge,regime_limited,2,0,5412,673,0.09687491628663725,0.5027980770458607,15.669205079617857,0.023525900091044605,0.00667909998446703,0.9502719999998135,438615.0,,2026-08-09T17:23:14,subsampled to TabPFN's documented limit
random_forest,regime_limited,2,0,5412,673,0.1388372303669974,-0.14680191600807468,21.105018782478908,0.3108024999964982,0.04560539999511093,3.0965759999999136,,,2026-08-09T17:23:14,subsampled to TabPFN's documented limit
lightgbm,regime_limited,2,0,5412,673,0.1410297320246446,-0.25413147979792594,18.801827177993967,0.46213930007070303,0.009236499899998307,0.10239999999998872,,,2026-08-09T17:23:14,subsampled to TabPFN's documented limit
catboost,regime_limited,2,0,5412,673,0.1189030195437222,0.11948144680908357,17.109918784932855,22.785653200000525,0.0030231999699026346,1.9783680000000459,,,2026-08-09T17:23:15,subsampled to TabPFN's documented limit
mlp,regime_limited,2,0,5412,673,0.09306359551478972,0.5611009911166411,16.955041114173167,0.5108826999785379,0.0063044000416994095,0.040960000000040964,909216000.0,,2026-08-09T17:23:38,subsampled to TabPFN's documented limit
ridge,regime_limited,2,1,5067,1018,0.10073218585012791,0.6534206437777723,18.25774850374768,0.01837179996073246,0.007707400014624,0.02048000000013417,410670.0,,2026-08-09T17:23:38,subsampled to TabPFN's documented limit
random_forest,regime_limited,2,1,5067,1018,0.11975637904265363,0.43344347739897815,19.98839048417097,0.3091652999864891,0.0451937000034377,0.47104000000013,,,2026-08-09T17:23:38,subsampled to TabPFN's documented limit
lightgbm,regime_limited,2,1,5067,1018,0.10935384013146733,0.5136720813043304,15.752477311379229,0.19012899999506772,0.007334999972954392,0.020479999999906795,,,2026-08-09T17:23:39,subsampled to TabPFN's documented limit
catboost,regime_limited,2,1,5067,1018,0.09776917575008452,0.6666453799604095,15.417090731730386,25.07599120005034,0.006204299977980554,1.9619840000000295,,,2026-08-09T17:23:39,subsampled to TabPFN's documented limit
mlp,regime_limited,2,1,5067,1018,0.07871717909116317,0.7814436609074654,14.400870745343408,0.4761847999179736,0.006828400073572993,0.03686399999992318,881658000.0,,2026-08-09T17:24:04,subsampled to TabPFN's documented limit
ridge,regime_limited,2,2,4951,1134,0.0808947010559398,0.8193060034432987,15.165643256180244,0.016039100009948015,0.005593799985945225,0.020479999999906795,401274.0,,2026-08-09T17:24:04,subsampled to TabPFN's documented limit
random_forest,regime_limited,2,2,4951,1134,0.05785299196848693,0.9003781106656873,11.860653892646289,0.2583540000487119,0.04370019992347807,0.29491200000006756,,,2026-08-09T17:24:04,subsampled to TabPFN's documented limit
lightgbm,regime_limited,2,2,4951,1134,0.04816496704907774,0.9120894736884764,7.3935216793750484,0.4568699999945238,0.0062408000230789185,0.06553600000006554,,,2026-08-09T17:24:05,subsampled to TabPFN's documented limit
catboost,regime_limited,2,2,4951,1134,0.046705104071306056,0.9218484436729136,7.6287589248181025,19.083341499906965,0.0034984000958502293,1.8923520000000735,,,2026-08-09T17:24:05,subsampled to TabPFN's documented limit
mlp,regime_limited,2,2,4951,1134,0.09022902909226835,0.7222388884395474,14.101110233753115,0.4438551999628544,0.007577000069431961,0.06963199999995595,831768000.0,,2026-08-09T17:24:24,subsampled to TabPFN's documented limit
tabpfn,regime_limited,2,2,4951,1134,0.06755907511410435,0.8467564029332617,9.97003425645544,0.7250949000008404,142.48854890000075,351.54739199999995,,,2026-08-09T17:24:25,subsampled to TabPFN's documented limit
ridge,regime_limited,2,3,4151,1934,0.06307792083560508,0.702936926086055,14.10956924264116,0.025068099959753454,0.011518600047565997,1.417216000000053,336474.0,,2026-08-09T17:26:48,subsampled to TabPFN's documented limit
random_forest,regime_limited,2,3,4151,1934,0.043891180016712404,0.8079020925220879,3.6881688496732554,0.2797527000075206,0.04762740002479404,1.327103999999963,,,2026-08-09T17:26:48,subsampled to TabPFN's documented limit
lightgbm,regime_limited,2,3,4151,1934,0.05283936592240955,0.7735004843165301,10.87258791185361,0.1719054999994114,0.010255399974994361,0.020479999999906795,,,2026-08-09T17:26:48,subsampled to TabPFN's documented limit
catboost,regime_limited,2,3,4151,1934,0.05328068520585736,0.7742116416182439,9.111121914727839,21.413157299975865,0.004679800011217594,1.8923520000000735,,,2026-08-09T17:26:49,subsampled to TabPFN's documented limit
mlp,regime_limited,2,3,4151,1934,0.046246194593903285,0.8246889027631912,7.828160688580662,0.4387806999729946,0.0073621999472379684,0.08601599999997234,772086000.0,,2026-08-09T17:27:10,subsampled to TabPFN's documented limit
tabpfn,regime_limited,2,3,4151,1934,0.06294931421397866,0.6734001598238399,8.174955126543978,0.6872257000068203,155.47712850000244,534.1839359999999,,,2026-08-09T17:27:10,subsampled to TabPFN's documented limit
ridge,regime_limited,2,4,4759,1326,0.05735061433125487,0.7630163074265883,11.335100248523053,0.019682700047269464,0.006889199954457581,0.020479999999906795,385722.0,,2026-08-09T17:29:47,subsampled to TabPFN's documented limit
random_forest,regime_limited,2,4,4759,1326,0.06997081641541478,0.6789621832728097,14.583255542267398,0.4221778999781236,0.06387870002072304,0.44236799999998766,,,2026-08-09T17:29:47,subsampled to TabPFN's documented limit
lightgbm,regime_limited,2,4,4759,1326,0.08179886919968123,0.5929413334196667,16.30824193050081,0.36158449994400144,0.008669500006362796,0.03276800000003277,,,2026-08-09T17:29:47,subsampled to TabPFN's documented limit
catboost,regime_limited,2,4,4759,1326,0.04760903052734111,0.8158852317108496,7.10490113881085,26.360644300002605,0.021684200037270784,1.7653760000000602,,,2026-08-09T17:29:47,subsampled to TabPFN's documented limit
mlp,regime_limited,2,4,4759,1326,0.10602138088447904,0.27659363877213616,21.056916824623613,0.8261240000138059,0.00807289988733828,0.03686399999992318,770958000.0,,2026-08-09T17:30:14,subsampled to TabPFN's documented limit
tabpfn,regime_limited,2,4,4759,1326,0.06138536891130346,0.7537783710497092,13.480735562318232,1.6309133999748155,149.4083695000736,136.92928000000006,,,2026-08-09T17:30:15,subsampled to TabPFN's documented limit
ridge,regime_limited,3,0,4449,1580,0.0901146758914339,0.4519730880795356,20.787467298548552,0.020722800050862134,0.009608999942429364,0.02048000000013417,360612.0,,2026-08-09T17:32:46,subsampled to TabPFN's documented limit
random_forest,regime_limited,3,0,4449,1580,0.09570183289707868,0.267253514722092,14.834749824523932,0.2984051000094041,0.04793420003261417,0.45465599999988626,,,2026-08-09T17:32:46,subsampled to TabPFN's documented limit
lightgbm,regime_limited,3,0,4449,1580,0.08558326674223114,0.38236007980453757,12.647837030423142,0.1848651000764221,0.009881100035272539,0.036864000000150554,,,2026-08-09T17:32:46,subsampled to TabPFN's documented limit
catboost,regime_limited,3,0,4449,1580,0.07992873930117762,0.49136053421631243,11.841866070171692,21.415268899989314,0.0041868999833241105,2.854912000000013,,,2026-08-09T17:32:47,subsampled to TabPFN's documented limit
mlp,regime_limited,3,0,4449,1580,0.07463338690328608,0.57861226219466,14.239611264784216,0.443201299989596,0.0082676000893116,0.04505599999993137,774126000.0,,2026-08-09T17:33:08,subsampled to TabPFN's documented limit
tabpfn,regime_limited,3,0,4449,1580,0.09158410955182258,0.29750134811209905,12.733773960262603,0.7815124999033287,146.29729020001832,447.9672320000002,,,2026-08-09T17:33:08,subsampled to TabPFN's documented limit
ridge,regime_limited,3,1,4630,1399,0.1528241667347806,0.33783343574003966,26.136934126649543,0.01946530002169311,0.007249400019645691,0.020479999999906795,375273.0,,2026-08-09T17:35:36,subsampled to TabPFN's documented limit
random_forest,regime_limited,3,1,4630,1399,0.06785096225830152,0.8644205605875198,12.32028963955886,0.2804129000287503,0.04609269998036325,5.890047999999979,,,2026-08-09T17:35:36,subsampled to TabPFN's documented limit
lightgbm,regime_limited,3,1,4630,1399,0.07119102154301435,0.8440344190732227,11.33527580194516,0.23680000007152557,0.011559200007468462,0.06963199999995595,,,2026-08-09T17:35:36,subsampled to TabPFN's documented limit
catboost,regime_limited,3,1,4630,1399,0.13477570701793887,0.37359244048900686,13.476304787595891,22.474426200031303,0.004633200005628169,2.7115519999999833,,,2026-08-09T17:35:36,subsampled to TabPFN's documented limit
mlp,regime_limited,3,1,4630,1399,0.11148502802892014,0.5365673554337311,14.803131666415553,0.41947909991722554,0.00764660001732409,0.02867200000014236,750060000.0,,2026-08-09T17:35:59,subsampled to TabPFN's documented limit
tabpfn,regime_limited,3,1,4630,1399,0.11270268700155392,0.4157285948866474,8.446326684944152,0.6839528999989852,144.19242070009932,358.00678400000015,,,2026-08-09T17:35:59,subsampled to TabPFN's documented limit
ridge,regime_limited,3,2,4699,1330,0.09621182408736996,0.6087776651691507,12.613194759604369,0.023282899986952543,0.006754099973477423,0.024576000000024578,380862.0,,2026-08-09T17:38:24,subsampled to TabPFN's documented limit
random_forest,regime_limited,3,2,4699,1330,0.1117325637711395,0.6463213791500062,23.9687722518034,0.2972423000028357,0.044770400039851665,10.301439999999957,,,2026-08-09T17:38:24,subsampled to TabPFN's documented limit
lightgbm,regime_limited,3,2,4699,1330,0.0979292218203822,0.7044211238162166,17.69671565313323,0.13117890001740307,0.0080033999402076,0.02048000000013417,,,2026-08-09T17:38:24,subsampled to TabPFN's documented limit
catboost,regime_limited,3,2,4699,1330,0.08727885719310292,0.7554154079862128,15.548890078510125,21.292823900002986,0.0042736000614240766,1.8513920000000326,,,2026-08-09T17:38:24,subsampled to TabPFN's documented limit
mlp,regime_limited,3,2,4699,1330,0.08094771836876198,0.7327844079268704,9.84748765403667,0.4526823000051081,0.007981900009326637,0.04505600000015875,761238000.0,,2026-08-09T17:38:46,subsampled to TabPFN's documented limit
tabpfn,regime_limited,3,2,4699,1330,0.07562442189166513,0.7900986258598576,8.812815760395337,0.7471823000814766,148.55852540000342,374.95193599999993,,,2026-08-09T17:38:46,subsampled to TabPFN's documented limit
ridge,regime_limited,3,3,5582,447,0.10926266514992077,0.6174330651109459,21.183542316614986,0.021134300041012466,0.006819600006565452,2.1299200000000837,452385.0,,2026-08-09T17:41:16,subsampled to TabPFN's documented limit
random_forest,regime_limited,3,3,5582,447,0.07764474146414792,0.7167679126682346,12.047855852417959,0.3426988000283018,0.03486069990321994,1.5114239999998063,,,2026-08-09T17:41:16,subsampled to TabPFN's documented limit
lightgbm,regime_limited,3,3,5582,447,0.08578754202825414,0.7209715293188812,13.434208137206982,0.380655899993144,0.004244099953211844,1.0731519999999364,,,2026-08-09T17:41:16,subsampled to TabPFN's documented limit
catboost,regime_limited,3,3,5582,447,0.08111641393772842,0.7806658468482403,15.608894063184186,21.780833499971777,0.0024004000006243587,2.7566079999999147,,,2026-08-09T17:41:16,subsampled to TabPFN's documented limit
mlp,regime_limited,3,3,5582,447,0.0847689467027519,0.7083891905528192,14.648140205558576,0.5518470000242814,0.007374099921435118,0.09830399999987094,904284000.0,,2026-08-09T17:41:38,subsampled to TabPFN's documented limit
ridge,regime_limited,3,4,4756,1273,0.049577474305610776,0.7684830867640497,9.68335482574242,0.017902699997648597,0.006553799961693585,0.06553599999983817,385479.0,,2026-08-09T17:41:39,subsampled to TabPFN's documented limit
random_forest,regime_limited,3,4,4756,1273,0.06260866254321866,0.6783916110690544,12.915104613294098,0.2661913000047207,0.04303729999810457,1.916928000000098,,,2026-08-09T17:41:39,subsampled to TabPFN's documented limit
lightgbm,regime_limited,3,4,4756,1273,0.06288501081190367,0.6910107591264509,14.84070295672096,0.16972380003426224,0.008606099989265203,0.07782399999996414,,,2026-08-09T17:41:39,subsampled to TabPFN's documented limit
catboost,regime_limited,3,4,4756,1273,0.04294889993005762,0.7835941748569057,5.670630672375765,21.56615910003893,0.004489299957640469,2.8016640000000734,,,2026-08-09T17:41:39,subsampled to TabPFN's documented limit
mlp,regime_limited,3,4,4756,1273,0.08179936656220806,0.3795155048278879,12.817609217420415,0.4421925999922678,0.007159799919463694,0.03276800000003277,799008000.0,,2026-08-09T17:42:01,subsampled to TabPFN's documented limit
tabpfn,regime_limited,3,4,4756,1273,0.06717342611550166,0.6594070528334144,13.564381629644092,0.7465738001046702,146.29699599999003,405.712896,,,2026-08-09T17:42:01,subsampled to TabPFN's documented limit
ridge,regime_limited,4,0,4575,1369,0.0928917209605868,0.45340391725856877,15.442813154979781,0.01958389999344945,0.007159000029787421,0.028671999999914988,370818.0,,2026-08-09T17:44:29,subsampled to TabPFN's documented limit
random_forest,regime_limited,4,0,4575,1369,0.0521470802816321,0.7780727337451498,6.714065266076739,0.3462254999903962,0.04817760002333671,0.6717439999999897,,,2026-08-09T17:44:29,subsampled to TabPFN's documented limit
lightgbm,regime_limited,4,0,4575,1369,0.08425976460040377,0.6303756094900801,17.854076500072317,0.16214449994731694,0.008256000000983477,0.08601600000019971,,,2026-08-09T17:44:29,subsampled to TabPFN's documented limit
catboost,regime_limited,4,0,4575,1369,0.08849035657802186,0.5645402506327217,22.945213954174147,21.371950200060382,0.004648700007237494,1.9210239999999885,,,2026-08-09T17:44:29,subsampled to TabPFN's documented limit
mlp,regime_limited,4,0,4575,1369,0.11628184597897376,0.33446779536658666,24.194426415256725,0.6291950999293476,0.008105700020678341,0.03686399999992318,1043100000.0,,2026-08-09T17:44:51,subsampled to TabPFN's documented limit
tabpfn,regime_limited,4,0,4575,1369,0.0577177219627119,0.687998515764684,10.242439266254376,0.7551175999687985,143.9180231000064,529.6824320000001,,,2026-08-09T17:44:51,subsampled to TabPFN's documented limit
ridge,regime_limited,4,1,4706,1238,0.09080050680897117,0.5864842564217934,10.613774543363816,0.017922399914823472,0.007276999996975064,0.02048000000013417,381429.0,,2026-08-09T17:47:16,subsampled to TabPFN's documented limit
random_forest,regime_limited,4,1,4706,1238,0.12089074751835903,0.42543032731842034,15.906724210718611,0.24611870001535863,0.043679700000211596,0.8519679999999425,,,2026-08-09T17:47:16,subsampled to TabPFN's documented limit
lightgbm,regime_limited,4,1,4706,1238,0.11228646094535005,0.47874587301306837,13.237024950061393,0.12386190006509423,0.006757100112736225,0.020479999999906795,,,2026-08-09T17:47:16,subsampled to TabPFN's documented limit
catboost,regime_limited,4,1,4706,1238,0.10330011307851616,0.5216657579797628,15.1593969316455,21.7688847000245,0.0031302000861614943,1.9251200000001063,,,2026-08-09T17:47:16,subsampled to TabPFN's documented limit
mlp,regime_limited,4,1,4706,1238,0.1134222934940621,0.46954546165717426,15.356282841586957,0.43631419993471354,0.0076763000106438994,0.040960000000040964,734136000.0,,2026-08-09T17:47:38,subsampled to TabPFN's documented limit
tabpfn,regime_limited,4,1,4706,1238,0.12590615361098473,0.38187282110377163,17.427426257790003,0.7802815999602899,147.56498959998135,394.47347200000013,,,2026-08-09T17:47:39,subsampled to TabPFN's documented limit
ridge,regime_limited,4,2,4847,1097,0.11190698518272553,0.6083964133143751,12.110027522398688,0.021110499976202846,0.007135899970307946,1.9537920000000213,392850.0,,2026-08-09T17:50:07,subsampled to TabPFN's documented limit
random_forest,regime_limited,4,2,4847,1097,0.08195712688388977,0.8261014940700819,13.509763253626259,0.30914929998107255,0.051692600012756884,0.46694400000001224,,,2026-08-09T17:50:07,subsampled to TabPFN's documented limit
lightgbm,regime_limited,4,2,4847,1097,0.08938648309802447,0.8159020306526567,15.784056821623693,0.23341029998846352,0.010029900004155934,0.020479999999906795,,,2026-08-09T17:50:07,subsampled to TabPFN's documented limit
catboost,regime_limited,4,2,4847,1097,0.08026984304445471,0.8164260268051351,10.522059543548458,23.59697439998854,0.0038902999367564917,1.9046399999999721,,,2026-08-09T17:50:08,subsampled to TabPFN's documented limit
mlp,regime_limited,4,2,4847,1097,0.09162914809964937,0.7893067135015004,14.262991704606193,0.7600410999730229,0.008970499970018864,0.024576000000024578,930624000.0,,2026-08-09T17:50:31,subsampled to TabPFN's documented limit
tabpfn,regime_limited,4,2,4847,1097,0.0916427385942617,0.7171806783323609,10.134767779713822,0.9258097000420094,177.03344310005195,469.85216000000014,,,2026-08-09T17:50:32,subsampled to TabPFN's documented limit
ridge,regime_limited,4,3,4580,1364,0.07933736686181056,0.5671151650567051,6.989861382936688,0.026429999968968332,0.008068100083619356,0.02048000000013417,371223.0,,2026-08-09T17:53:30,subsampled to TabPFN's documented limit
random_forest,regime_limited,4,3,4580,1364,0.11506719948571116,0.10663018593824791,10.364744230189997,0.3220133000286296,0.047185500035993755,4.841472000000067,,,2026-08-09T17:53:30,subsampled to TabPFN's documented limit
lightgbm,regime_limited,4,3,4580,1364,0.11472053786668533,0.116793644182137,8.592024005786932,0.2902827999787405,0.00916090002283454,0.02048000000013417,,,2026-08-09T17:53:30,subsampled to TabPFN's documented limit
catboost,regime_limited,4,3,4580,1364,0.1129460775417096,0.16832231723519908,12.828398211240977,22.37138619995676,0.004135000053793192,2.7115519999999833,,,2026-08-09T17:53:31,subsampled to TabPFN's documented limit
mlp,regime_limited,4,3,4580,1364,0.11714933579990973,0.17454454155345733,13.132094890077708,0.5608815000159666,0.010712899966165423,0.028671999999914988,906840000.0,,2026-08-09T17:53:53,subsampled to TabPFN's documented limit
tabpfn,regime_limited,4,3,4580,1364,0.13066217630877816,0.009941338078188644,15.025792712973127,0.8156336999963969,172.8197283000918,548.4543999999999,,,2026-08-09T17:53:54,subsampled to TabPFN's documented limit
ridge,regime_limited,4,4,5068,876,0.10433262820490008,0.37712460977510165,18.034084712670815,0.019741300027817488,0.006951699964702129,0.7495679999999538,410751.0,,2026-08-09T17:56:47,subsampled to TabPFN's documented limit
random_forest,regime_limited,4,4,5068,876,0.08072453582390306,0.6562619127935426,15.997570101359972,0.4400199999799952,0.05007640004623681,7.303167999999914,,,2026-08-09T17:56:47,subsampled to TabPFN's documented limit
lightgbm,regime_limited,4,4,5068,876,0.08175735725392821,0.650707571034945,13.686648992163578,0.2736966999946162,0.010124400025233626,0.020479999999906795,,,2026-08-09T17:56:48,subsampled to TabPFN's documented limit
catboost,regime_limited,4,4,5068,876,0.06666633463447443,0.7187834271170794,10.319187232422141,23.697879699990153,0.004456900060176849,1.9415039999998953,,,2026-08-09T17:56:48,subsampled to TabPFN's documented limit
mlp,regime_limited,4,4,5068,876,0.09327903004851859,0.4729686074201386,17.95457676886138,0.6093670000554994,0.007196699967607856,0.03686399999992318,942648000.0,,2026-08-09T17:57:12,subsampled to TabPFN's documented limit
