name,mixer,d_state,seed,pairs,accuracy
attention,attention,,0,4,1.0
attention,attention,,0,8,1.0
attention,attention,,0,16,1.0
attention,attention,,0,32,1.0
attention,attention,,0,64,1.0
attention,attention,,1,4,1.0
attention,attention,,1,8,1.0
attention,attention,,1,16,1.0
attention,attention,,1,32,1.0
attention,attention,,1,64,1.0
attention,attention,,2,4,1.0
attention,attention,,2,8,1.0
attention,attention,,2,16,1.0
attention,attention,,2,32,1.0
attention,attention,,2,64,1.0
ssm-32,ssm,32.0,0,4,1.0
ssm-32,ssm,32.0,0,8,1.0
ssm-32,ssm,32.0,0,16,0.9985625
ssm-32,ssm,32.0,0,32,0.98796875
ssm-32,ssm,32.0,0,64,0.87525
ssm-32,ssm,32.0,1,4,1.0
ssm-32,ssm,32.0,1,8,1.0
ssm-32,ssm,32.0,1,16,0.999
ssm-32,ssm,32.0,1,32,0.99028125
ssm-32,ssm,32.0,1,64,0.889703125
ssm-32,ssm,32.0,2,4,0.26175
ssm-32,ssm,32.0,2,8,0.134375
ssm-32,ssm,32.0,2,16,0.080875
ssm-32,ssm,32.0,2,32,0.04565625
ssm-32,ssm,32.0,2,64,0.027265625
ssm-4,ssm,4.0,0,4,0.24775
ssm-4,ssm,4.0,0,8,0.133375
ssm-4,ssm,4.0,0,16,0.078375
ssm-4,ssm,4.0,0,32,0.0444375
ssm-4,ssm,4.0,0,64,0.025640625
ssm-4,ssm,4.0,1,4,0.258
ssm-4,ssm,4.0,1,8,0.13525
ssm-4,ssm,4.0,1,16,0.07875
ssm-4,ssm,4.0,1,32,0.0438125
ssm-4,ssm,4.0,1,64,0.025703125
ssm-4,ssm,4.0,2,4,0.25975
ssm-4,ssm,4.0,2,8,0.13375
ssm-4,ssm,4.0,2,16,0.079375
ssm-4,ssm,4.0,2,32,0.04525
ssm-4,ssm,4.0,2,64,0.027390625
ssm-8,ssm,8.0,0,4,0.7785
ssm-8,ssm,8.0,0,8,0.510875
ssm-8,ssm,8.0,0,16,0.2543125
ssm-8,ssm,8.0,0,32,0.11746875
ssm-8,ssm,8.0,0,64,0.05825
ssm-8,ssm,8.0,1,4,0.2575
ssm-8,ssm,8.0,1,8,0.134
ssm-8,ssm,8.0,1,16,0.0816875
ssm-8,ssm,8.0,1,32,0.047625
ssm-8,ssm,8.0,1,64,0.026984375
ssm-8,ssm,8.0,2,4,0.40975
ssm-8,ssm,8.0,2,8,0.193875
ssm-8,ssm,8.0,2,16,0.1019375
ssm-8,ssm,8.0,2,32,0.0533125
ssm-8,ssm,8.0,2,64,0.02896875
ssm-16,ssm,16.0,0,4,0.4665
ssm-16,ssm,16.0,0,8,0.253
ssm-16,ssm,16.0,0,16,0.1386875
ssm-16,ssm,16.0,0,32,0.08040625
ssm-16,ssm,16.0,0,64,0.04559375
ssm-16,ssm,16.0,1,4,0.5735
ssm-16,ssm,16.0,1,8,0.314125
ssm-16,ssm,16.0,1,16,0.1583125
ssm-16,ssm,16.0,1,32,0.084625
ssm-16,ssm,16.0,1,64,0.04684375
ssm-16,ssm,16.0,2,4,1.0
ssm-16,ssm,16.0,2,8,0.999875
ssm-16,ssm,16.0,2,16,0.9963125
ssm-16,ssm,16.0,2,32,0.9565625
ssm-16,ssm,16.0,2,64,0.745046875
lti-32,lti,32.0,0,4,0.25025
lti-32,lti,32.0,0,8,0.1315
lti-32,lti,32.0,0,16,0.0743125
lti-32,lti,32.0,0,32,0.04025
lti-32,lti,32.0,0,64,0.022953125
lti-32,lti,32.0,1,4,0.256
lti-32,lti,32.0,1,8,0.1315
lti-32,lti,32.0,1,16,0.07325
lti-32,lti,32.0,1,32,0.0395
lti-32,lti,32.0,1,64,0.02296875
lti-32,lti,32.0,2,4,0.25125
lti-32,lti,32.0,2,8,0.128875
lti-32,lti,32.0,2,16,0.070875
lti-32,lti,32.0,2,32,0.03815625
lti-32,lti,32.0,2,64,0.021515625
