name,seed,step,pairs,accuracy
attention,0,750,4,0.215
attention,0,750,8,0.120625
attention,0,750,16,0.0584375
attention,0,750,32,0.03125
attention,0,750,64,0.017578125
attention,0,1500,4,0.9875
attention,0,1500,8,0.986875
attention,0,1500,16,0.98375
attention,0,1500,32,0.98328125
attention,0,1500,64,0.96796875
attention,0,2250,4,1.0
attention,0,2250,8,1.0
attention,0,2250,16,1.0
attention,0,2250,32,1.0
attention,0,2250,64,1.0
attention,0,3000,4,1.0
attention,0,3000,8,1.0
attention,0,3000,16,1.0
attention,0,3000,32,0.99984375
attention,0,3000,64,0.999921875
attention,0,3750,4,1.0
attention,0,3750,8,1.0
attention,0,3750,16,1.0
attention,0,3750,32,1.0
attention,0,3750,64,1.0
attention,0,4500,4,1.0
attention,0,4500,8,1.0
attention,0,4500,16,1.0
attention,0,4500,32,1.0
attention,0,4500,64,1.0
attention,0,5250,4,1.0
attention,0,5250,8,1.0
attention,0,5250,16,1.0
attention,0,5250,32,1.0
attention,0,5250,64,1.0
attention,0,6000,4,1.0
attention,0,6000,8,1.0
attention,0,6000,16,1.0
attention,0,6000,32,1.0
attention,0,6000,64,1.0
attention,0,6750,4,1.0
attention,0,6750,8,1.0
attention,0,6750,16,1.0
attention,0,6750,32,1.0
attention,0,6750,64,1.0
attention,0,7500,4,1.0
attention,0,7500,8,1.0
attention,0,7500,16,1.0
attention,0,7500,32,1.0
attention,0,7500,64,1.0
attention,1,750,4,0.225
attention,1,750,8,0.121875
attention,1,750,16,0.06375
attention,1,750,32,0.02953125
attention,1,750,64,0.0190625
attention,1,1500,4,0.98
attention,1,1500,8,0.98
attention,1,1500,16,0.9740625
attention,1,1500,32,0.97078125
attention,1,1500,64,0.94875
attention,1,2250,4,1.0
attention,1,2250,8,0.999375
attention,1,2250,16,0.9975
attention,1,2250,32,0.9984375
attention,1,2250,64,0.99703125
attention,1,3000,4,1.0
attention,1,3000,8,1.0
attention,1,3000,16,1.0
attention,1,3000,32,1.0
attention,1,3000,64,0.999921875
attention,1,3750,4,1.0
attention,1,3750,8,1.0
attention,1,3750,16,1.0
attention,1,3750,32,1.0
attention,1,3750,64,1.0
attention,1,4500,4,1.0
attention,1,4500,8,1.0
attention,1,4500,16,1.0
attention,1,4500,32,1.0
attention,1,4500,64,1.0
attention,1,5250,4,1.0
attention,1,5250,8,1.0
attention,1,5250,16,1.0
attention,1,5250,32,1.0
attention,1,5250,64,1.0
attention,1,6000,4,1.0
attention,1,6000,8,1.0
attention,1,6000,16,1.0
attention,1,6000,32,1.0
attention,1,6000,64,1.0
attention,1,6750,4,1.0
attention,1,6750,8,1.0
attention,1,6750,16,1.0
attention,1,6750,32,1.0
attention,1,6750,64,1.0
attention,1,7500,4,1.0
attention,1,7500,8,1.0
attention,1,7500,16,1.0
attention,1,7500,32,1.0
attention,1,7500,64,1.0
attention,2,750,4,0.215
attention,2,750,8,0.115625
attention,2,750,16,0.0621875
attention,2,750,32,0.03078125
attention,2,750,64,0.018671875
attention,2,1500,4,1.0
attention,2,1500,8,1.0
attention,2,1500,16,0.996875
attention,2,1500,32,0.99609375
attention,2,1500,64,0.991328125
attention,2,2250,4,1.0
attention,2,2250,8,1.0
attention,2,2250,16,1.0
attention,2,2250,32,1.0
attention,2,2250,64,0.99984375
attention,2,3000,4,1.0
attention,2,3000,8,1.0
attention,2,3000,16,1.0
attention,2,3000,32,1.0
attention,2,3000,64,0.9996875
attention,2,3750,4,1.0
attention,2,3750,8,1.0
attention,2,3750,16,1.0
attention,2,3750,32,1.0
attention,2,3750,64,1.0
attention,2,4500,4,1.0
attention,2,4500,8,1.0
attention,2,4500,16,1.0
attention,2,4500,32,1.0
attention,2,4500,64,1.0
attention,2,5250,4,1.0
attention,2,5250,8,1.0
attention,2,5250,16,1.0
attention,2,5250,32,1.0
attention,2,5250,64,1.0
attention,2,6000,4,1.0
attention,2,6000,8,1.0
attention,2,6000,16,1.0
attention,2,6000,32,1.0
attention,2,6000,64,1.0
attention,2,6750,4,1.0
attention,2,6750,8,1.0
attention,2,6750,16,1.0
attention,2,6750,32,1.0
attention,2,6750,64,1.0
attention,2,7500,4,1.0
attention,2,7500,8,1.0
attention,2,7500,16,1.0
attention,2,7500,32,1.0
attention,2,7500,64,1.0
ssm-32,0,750,4,0.01125
ssm-32,0,750,8,0.009375
ssm-32,0,750,16,0.009375
ssm-32,0,750,32,0.0059375
ssm-32,0,750,64,0.00375
ssm-32,0,1500,4,0.30125
ssm-32,0,1500,8,0.14
ssm-32,0,1500,16,0.0725
ssm-32,0,1500,32,0.04109375
ssm-32,0,1500,64,0.022734375
ssm-32,0,2250,4,0.98625
ssm-32,0,2250,8,0.96875
ssm-32,0,2250,16,0.871875
ssm-32,0,2250,32,0.635
ssm-32,0,2250,64,0.32578125
ssm-32,0,3000,4,1.0
ssm-32,0,3000,8,0.99875
ssm-32,0,3000,16,0.9825
ssm-32,0,3000,32,0.9034375
ssm-32,0,3000,64,0.635859375
ssm-32,0,3750,4,1.0
ssm-32,0,3750,8,1.0
ssm-32,0,3750,16,0.995625
ssm-32,0,3750,32,0.960625
ssm-32,0,3750,64,0.760078125
ssm-32,0,4500,4,1.0
ssm-32,0,4500,8,1.0
ssm-32,0,4500,16,0.9978125
ssm-32,0,4500,32,0.97515625
ssm-32,0,4500,64,0.807890625
ssm-32,0,5250,4,1.0
ssm-32,0,5250,8,1.0
ssm-32,0,5250,16,0.9984375
ssm-32,0,5250,32,0.9815625
ssm-32,0,5250,64,0.848671875
ssm-32,0,6000,4,1.0
ssm-32,0,6000,8,1.0
ssm-32,0,6000,16,0.9990625
ssm-32,0,6000,32,0.9853125
ssm-32,0,6000,64,0.866328125
ssm-32,0,6750,4,1.0
ssm-32,0,6750,8,1.0
ssm-32,0,6750,16,0.9990625
ssm-32,0,6750,32,0.9865625
ssm-32,0,6750,64,0.8753125
ssm-32,0,7500,4,1.0
ssm-32,0,7500,8,1.0
ssm-32,0,7500,16,0.99875
ssm-32,0,7500,32,0.98703125
ssm-32,0,7500,64,0.8775
ssm-32,1,750,4,0.0025
ssm-32,1,750,8,0.006875
ssm-32,1,750,16,0.004375
ssm-32,1,750,32,0.0053125
ssm-32,1,750,64,0.003125
ssm-32,1,1500,4,0.24625
ssm-32,1,1500,8,0.124375
ssm-32,1,1500,16,0.0615625
ssm-32,1,1500,32,0.0315625
ssm-32,1,1500,64,0.017734375
ssm-32,1,2250,4,0.89375
ssm-32,1,2250,8,0.75
ssm-32,1,2250,16,0.506875
ssm-32,1,2250,32,0.26140625
ssm-32,1,2250,64,0.120625
ssm-32,1,3000,4,0.9975
ssm-32,1,3000,8,0.9925
ssm-32,1,3000,16,0.959375
ssm-32,1,3000,32,0.82359375
ssm-32,1,3000,64,0.51625
ssm-32,1,3750,4,1.0
ssm-32,1,3750,8,0.99875
ssm-32,1,3750,16,0.990625
ssm-32,1,3750,32,0.9334375
ssm-32,1,3750,64,0.70046875
ssm-32,1,4500,4,1.0
ssm-32,1,4500,8,0.999375
ssm-32,1,4500,16,0.9975
ssm-32,1,4500,32,0.9684375
ssm-32,1,4500,64,0.79796875
ssm-32,1,5250,4,1.0
ssm-32,1,5250,8,1.0
ssm-32,1,5250,16,0.9990625
ssm-32,1,5250,32,0.98421875
ssm-32,1,5250,64,0.84578125
ssm-32,1,6000,4,1.0
ssm-32,1,6000,8,0.999375
ssm-32,1,6000,16,0.9996875
ssm-32,1,6000,32,0.98671875
ssm-32,1,6000,64,0.870546875
ssm-32,1,6750,4,1.0
ssm-32,1,6750,8,1.0
ssm-32,1,6750,16,0.999375
ssm-32,1,6750,32,0.9903125
ssm-32,1,6750,64,0.884921875
ssm-32,1,7500,4,1.0
ssm-32,1,7500,8,1.0
ssm-32,1,7500,16,0.999375
ssm-32,1,7500,32,0.99140625
ssm-32,1,7500,64,0.887890625
ssm-32,2,750,4,0.005
ssm-32,2,750,8,0.008125
ssm-32,2,750,16,0.004375
ssm-32,2,750,32,0.004375
ssm-32,2,750,64,0.0046875
ssm-32,2,1500,4,0.24125
ssm-32,2,1500,8,0.11
ssm-32,2,1500,16,0.0546875
ssm-32,2,1500,32,0.030625
ssm-32,2,1500,64,0.018984375
ssm-32,2,2250,4,0.2575
ssm-32,2,2250,8,0.12625
ssm-32,2,2250,16,0.06875
ssm-32,2,2250,32,0.041875
ssm-32,2,2250,64,0.0225
ssm-32,2,3000,4,0.255
ssm-32,2,3000,8,0.129375
ssm-32,2,3000,16,0.074375
ssm-32,2,3000,32,0.0409375
ssm-32,2,3000,64,0.02359375
ssm-32,2,3750,4,0.26
ssm-32,2,3750,8,0.130625
ssm-32,2,3750,16,0.0728125
ssm-32,2,3750,32,0.04421875
ssm-32,2,3750,64,0.0275
ssm-32,2,4500,4,0.25
ssm-32,2,4500,8,0.13125
ssm-32,2,4500,16,0.07625
ssm-32,2,4500,32,0.0465625
ssm-32,2,4500,64,0.02875
ssm-32,2,5250,4,0.25875
ssm-32,2,5250,8,0.12875
ssm-32,2,5250,16,0.0759375
ssm-32,2,5250,32,0.04640625
ssm-32,2,5250,64,0.02765625
ssm-32,2,6000,4,0.27125
ssm-32,2,6000,8,0.130625
ssm-32,2,6000,16,0.0765625
ssm-32,2,6000,32,0.04453125
ssm-32,2,6000,64,0.028515625
ssm-32,2,6750,4,0.26375
ssm-32,2,6750,8,0.13125
ssm-32,2,6750,16,0.0778125
ssm-32,2,6750,32,0.0459375
ssm-32,2,6750,64,0.02859375
ssm-32,2,7500,4,0.27375
ssm-32,2,7500,8,0.131875
ssm-32,2,7500,16,0.0784375
ssm-32,2,7500,32,0.0459375
ssm-32,2,7500,64,0.029140625
ssm-4,0,750,4,0.00375
ssm-4,0,750,8,0.00375
ssm-4,0,750,16,0.005625
ssm-4,0,750,32,0.004375
ssm-4,0,750,64,0.003515625
ssm-4,0,1500,4,0.1275
ssm-4,0,1500,8,0.054375
ssm-4,0,1500,16,0.0303125
ssm-4,0,1500,32,0.02
ssm-4,0,1500,64,0.009609375
ssm-4,0,2250,4,0.255
ssm-4,0,2250,8,0.11
ssm-4,0,2250,16,0.0596875
ssm-4,0,2250,32,0.03484375
ssm-4,0,2250,64,0.020078125
ssm-4,0,3000,4,0.26875
ssm-4,0,3000,8,0.1325
ssm-4,0,3000,16,0.06875
ssm-4,0,3000,32,0.039375
ssm-4,0,3000,64,0.022890625
ssm-4,0,3750,4,0.2575
ssm-4,0,3750,8,0.129375
ssm-4,0,3750,16,0.0728125
ssm-4,0,3750,32,0.0440625
ssm-4,0,3750,64,0.021875
ssm-4,0,4500,4,0.25875
ssm-4,0,4500,8,0.12375
ssm-4,0,4500,16,0.0746875
ssm-4,0,4500,32,0.04390625
ssm-4,0,4500,64,0.024140625
ssm-4,0,5250,4,0.25875
ssm-4,0,5250,8,0.129375
ssm-4,0,5250,16,0.075
ssm-4,0,5250,32,0.0475
ssm-4,0,5250,64,0.0246875
ssm-4,0,6000,4,0.25875
ssm-4,0,6000,8,0.12875
ssm-4,0,6000,16,0.0753125
ssm-4,0,6000,32,0.048125
ssm-4,0,6000,64,0.02671875
ssm-4,0,6750,4,0.25375
ssm-4,0,6750,8,0.125
ssm-4,0,6750,16,0.075
ssm-4,0,6750,32,0.0490625
ssm-4,0,6750,64,0.0271875
ssm-4,0,7500,4,0.25
ssm-4,0,7500,8,0.125625
ssm-4,0,7500,16,0.075625
ssm-4,0,7500,32,0.0496875
ssm-4,0,7500,64,0.02703125
ssm-4,1,750,4,0.005
ssm-4,1,750,8,0.00875
ssm-4,1,750,16,0.0034375
ssm-4,1,750,32,0.00328125
ssm-4,1,750,64,0.0034375
ssm-4,1,1500,4,0.01875
ssm-4,1,1500,8,0.011875
ssm-4,1,1500,16,0.005625
ssm-4,1,1500,32,0.005625
ssm-4,1,1500,64,0.006015625
ssm-4,1,2250,4,0.25125
ssm-4,1,2250,8,0.105625
ssm-4,1,2250,16,0.0496875
ssm-4,1,2250,32,0.02703125
ssm-4,1,2250,64,0.015625
ssm-4,1,3000,4,0.245
ssm-4,1,3000,8,0.12625
ssm-4,1,3000,16,0.0675
ssm-4,1,3000,32,0.036875
ssm-4,1,3000,64,0.0225
ssm-4,1,3750,4,0.26
ssm-4,1,3750,8,0.130625
ssm-4,1,3750,16,0.0725
ssm-4,1,3750,32,0.04046875
ssm-4,1,3750,64,0.02359375
ssm-4,1,4500,4,0.2625
ssm-4,1,4500,8,0.13125
ssm-4,1,4500,16,0.075
ssm-4,1,4500,32,0.04140625
ssm-4,1,4500,64,0.024921875
ssm-4,1,5250,4,0.2525
ssm-4,1,5250,8,0.125625
ssm-4,1,5250,16,0.07375
ssm-4,1,5250,32,0.0440625
ssm-4,1,5250,64,0.0271875
ssm-4,1,6000,4,0.26
ssm-4,1,6000,8,0.126875
ssm-4,1,6000,16,0.0740625
ssm-4,1,6000,32,0.04484375
ssm-4,1,6000,64,0.024765625
ssm-4,1,6750,4,0.26375
ssm-4,1,6750,8,0.129375
ssm-4,1,6750,16,0.075625
ssm-4,1,6750,32,0.0440625
ssm-4,1,6750,64,0.026328125
ssm-4,1,7500,4,0.26625
ssm-4,1,7500,8,0.1275
ssm-4,1,7500,16,0.07625
ssm-4,1,7500,32,0.04390625
ssm-4,1,7500,64,0.02609375
ssm-4,2,750,4,0.00125
ssm-4,2,750,8,0.0025
ssm-4,2,750,16,0.003125
ssm-4,2,750,32,0.00453125
ssm-4,2,750,64,0.003828125
ssm-4,2,1500,4,0.21125
ssm-4,2,1500,8,0.093125
ssm-4,2,1500,16,0.0428125
ssm-4,2,1500,32,0.0259375
ssm-4,2,1500,64,0.015078125
ssm-4,2,2250,4,0.25375
ssm-4,2,2250,8,0.126875
ssm-4,2,2250,16,0.071875
ssm-4,2,2250,32,0.03828125
ssm-4,2,2250,64,0.023359375
ssm-4,2,3000,4,0.26
ssm-4,2,3000,8,0.128125
ssm-4,2,3000,16,0.0771875
ssm-4,2,3000,32,0.04234375
ssm-4,2,3000,64,0.02546875
ssm-4,2,3750,4,0.26875
ssm-4,2,3750,8,0.128125
ssm-4,2,3750,16,0.0715625
ssm-4,2,3750,32,0.04328125
ssm-4,2,3750,64,0.0259375
ssm-4,2,4500,4,0.2625
ssm-4,2,4500,8,0.13125
ssm-4,2,4500,16,0.0759375
ssm-4,2,4500,32,0.0440625
ssm-4,2,4500,64,0.026640625
ssm-4,2,5250,4,0.265
ssm-4,2,5250,8,0.125625
ssm-4,2,5250,16,0.07625
ssm-4,2,5250,32,0.0453125
ssm-4,2,5250,64,0.02734375
ssm-4,2,6000,4,0.2525
ssm-4,2,6000,8,0.135625
ssm-4,2,6000,16,0.0759375
ssm-4,2,6000,32,0.044375
ssm-4,2,6000,64,0.028046875
ssm-4,2,6750,4,0.26375
ssm-4,2,6750,8,0.134375
ssm-4,2,6750,16,0.076875
ssm-4,2,6750,32,0.04421875
ssm-4,2,6750,64,0.02765625
ssm-4,2,7500,4,0.26375
ssm-4,2,7500,8,0.1275
ssm-4,2,7500,16,0.0765625
ssm-4,2,7500,32,0.04484375
ssm-4,2,7500,64,0.027890625
ssm-8,0,750,4,0.00375
ssm-8,0,750,8,0.004375
ssm-8,0,750,16,0.006875
ssm-8,0,750,32,0.00453125
ssm-8,0,750,64,0.00421875
ssm-8,0,1500,4,0.25875
ssm-8,0,1500,8,0.12875
ssm-8,0,1500,16,0.0615625
ssm-8,0,1500,32,0.03078125
ssm-8,0,1500,64,0.019375
ssm-8,0,2250,4,0.37375
ssm-8,0,2250,8,0.180625
ssm-8,0,2250,16,0.084375
ssm-8,0,2250,32,0.0484375
ssm-8,0,2250,64,0.026875
ssm-8,0,3000,4,0.405
ssm-8,0,3000,8,0.20125
ssm-8,0,3000,16,0.0971875
ssm-8,0,3000,32,0.05328125
ssm-8,0,3000,64,0.0275
ssm-8,0,3750,4,0.49875
ssm-8,0,3750,8,0.236875
ssm-8,0,3750,16,0.1078125
ssm-8,0,3750,32,0.055
ssm-8,0,3750,64,0.031640625
ssm-8,0,4500,4,0.51375
ssm-8,0,4500,8,0.261875
ssm-8,0,4500,16,0.110625
ssm-8,0,4500,32,0.05921875
ssm-8,0,4500,64,0.0315625
ssm-8,0,5250,4,0.7225
ssm-8,0,5250,8,0.46875
ssm-8,0,5250,16,0.2440625
ssm-8,0,5250,32,0.11046875
ssm-8,0,5250,64,0.055859375
ssm-8,0,6000,4,0.75625
ssm-8,0,6000,8,0.5025
ssm-8,0,6000,16,0.2528125
ssm-8,0,6000,32,0.1175
ssm-8,0,6000,64,0.05640625
ssm-8,0,6750,4,0.7575
ssm-8,0,6750,8,0.50125
ssm-8,0,6750,16,0.2515625
ssm-8,0,6750,32,0.11625
ssm-8,0,6750,64,0.05671875
ssm-8,0,7500,4,0.755
ssm-8,0,7500,8,0.505625
ssm-8,0,7500,16,0.253125
ssm-8,0,7500,32,0.11671875
ssm-8,0,7500,64,0.0571875
ssm-8,1,750,4,0.005
ssm-8,1,750,8,0.00875
ssm-8,1,750,16,0.0040625
ssm-8,1,750,32,0.00296875
ssm-8,1,750,64,0.00375
ssm-8,1,1500,4,0.22
ssm-8,1,1500,8,0.106875
ssm-8,1,1500,16,0.051875
ssm-8,1,1500,32,0.0284375
ssm-8,1,1500,64,0.0165625
ssm-8,1,2250,4,0.24875
ssm-8,1,2250,8,0.121875
ssm-8,1,2250,16,0.0665625
ssm-8,1,2250,32,0.0353125
ssm-8,1,2250,64,0.022578125
ssm-8,1,3000,4,0.25
ssm-8,1,3000,8,0.128125
ssm-8,1,3000,16,0.0753125
ssm-8,1,3000,32,0.04171875
ssm-8,1,3000,64,0.02421875
ssm-8,1,3750,4,0.25
ssm-8,1,3750,8,0.131875
ssm-8,1,3750,16,0.07125
ssm-8,1,3750,32,0.04453125
ssm-8,1,3750,64,0.024765625
ssm-8,1,4500,4,0.25
ssm-8,1,4500,8,0.13375
ssm-8,1,4500,16,0.0759375
ssm-8,1,4500,32,0.0434375
ssm-8,1,4500,64,0.026640625
ssm-8,1,5250,4,0.25625
ssm-8,1,5250,8,0.135
ssm-8,1,5250,16,0.0803125
ssm-8,1,5250,32,0.04484375
ssm-8,1,5250,64,0.02703125
ssm-8,1,6000,4,0.25125
ssm-8,1,6000,8,0.133125
ssm-8,1,6000,16,0.0765625
ssm-8,1,6000,32,0.04515625
ssm-8,1,6000,64,0.02921875
ssm-8,1,6750,4,0.25375
ssm-8,1,6750,8,0.13125
ssm-8,1,6750,16,0.07875
ssm-8,1,6750,32,0.04828125
ssm-8,1,6750,64,0.02890625
ssm-8,1,7500,4,0.2475
ssm-8,1,7500,8,0.134375
ssm-8,1,7500,16,0.079375
ssm-8,1,7500,32,0.0471875
ssm-8,1,7500,64,0.029296875
ssm-8,2,750,4,0.00125
ssm-8,2,750,8,0.00375
ssm-8,2,750,16,0.005
ssm-8,2,750,32,0.0040625
ssm-8,2,750,64,0.0040625
ssm-8,2,1500,4,0.18875
ssm-8,2,1500,8,0.08375
ssm-8,2,1500,16,0.046875
ssm-8,2,1500,32,0.02625
ssm-8,2,1500,64,0.013359375
ssm-8,2,2250,4,0.32
ssm-8,2,2250,8,0.140625
ssm-8,2,2250,16,0.0765625
ssm-8,2,2250,32,0.03875
ssm-8,2,2250,64,0.021328125
ssm-8,2,3000,4,0.33875
ssm-8,2,3000,8,0.16625
ssm-8,2,3000,16,0.078125
ssm-8,2,3000,32,0.04546875
ssm-8,2,3000,64,0.02625
ssm-8,2,3750,4,0.3575
ssm-8,2,3750,8,0.166875
ssm-8,2,3750,16,0.0875
ssm-8,2,3750,32,0.0459375
ssm-8,2,3750,64,0.025546875
ssm-8,2,4500,4,0.37875
ssm-8,2,4500,8,0.18125
ssm-8,2,4500,16,0.098125
ssm-8,2,4500,32,0.04921875
ssm-8,2,4500,64,0.028359375
ssm-8,2,5250,4,0.41
ssm-8,2,5250,8,0.18875
ssm-8,2,5250,16,0.1015625
ssm-8,2,5250,32,0.05171875
ssm-8,2,5250,64,0.028359375
ssm-8,2,6000,4,0.42125
ssm-8,2,6000,8,0.185
ssm-8,2,6000,16,0.1053125
ssm-8,2,6000,32,0.05171875
ssm-8,2,6000,64,0.0284375
ssm-8,2,6750,4,0.425
ssm-8,2,6750,8,0.190625
ssm-8,2,6750,16,0.105
ssm-8,2,6750,32,0.05328125
ssm-8,2,6750,64,0.028359375
ssm-8,2,7500,4,0.42375
ssm-8,2,7500,8,0.1925
ssm-8,2,7500,16,0.104375
ssm-8,2,7500,32,0.05296875
ssm-8,2,7500,64,0.028203125
ssm-16,0,750,4,0.00125
ssm-16,0,750,8,0.001875
ssm-16,0,750,16,0.004375
ssm-16,0,750,32,0.004375
ssm-16,0,750,64,0.004453125
ssm-16,0,1500,4,0.2475
ssm-16,0,1500,8,0.106875
ssm-16,0,1500,16,0.0628125
ssm-16,0,1500,32,0.03421875
ssm-16,0,1500,64,0.02015625
ssm-16,0,2250,4,0.25
ssm-16,0,2250,8,0.128125
ssm-16,0,2250,16,0.07125
ssm-16,0,2250,32,0.040625
ssm-16,0,2250,64,0.0240625
ssm-16,0,3000,4,0.2725
ssm-16,0,3000,8,0.140625
ssm-16,0,3000,16,0.075
ssm-16,0,3000,32,0.0446875
ssm-16,0,3000,64,0.025859375
ssm-16,0,3750,4,0.3025
ssm-16,0,3750,8,0.140625
ssm-16,0,3750,16,0.0778125
ssm-16,0,3750,32,0.04796875
ssm-16,0,3750,64,0.027578125
ssm-16,0,4500,4,0.47125
ssm-16,0,4500,8,0.253125
ssm-16,0,4500,16,0.13625
ssm-16,0,4500,32,0.07859375
ssm-16,0,4500,64,0.044453125
ssm-16,0,5250,4,0.47
ssm-16,0,5250,8,0.25625
ssm-16,0,5250,16,0.1375
ssm-16,0,5250,32,0.080625
ssm-16,0,5250,64,0.045234375
ssm-16,0,6000,4,0.4675
ssm-16,0,6000,8,0.25625
ssm-16,0,6000,16,0.1346875
ssm-16,0,6000,32,0.08015625
ssm-16,0,6000,64,0.045859375
ssm-16,0,6750,4,0.4725
ssm-16,0,6750,8,0.25375
ssm-16,0,6750,16,0.138125
ssm-16,0,6750,32,0.0803125
ssm-16,0,6750,64,0.045078125
ssm-16,0,7500,4,0.46875
ssm-16,0,7500,8,0.255625
ssm-16,0,7500,16,0.1403125
ssm-16,0,7500,32,0.08015625
ssm-16,0,7500,64,0.045703125
ssm-16,1,750,4,0.0
ssm-16,1,750,8,0.005625
ssm-16,1,750,16,0.0021875
ssm-16,1,750,32,0.00421875
ssm-16,1,750,64,0.0040625
ssm-16,1,1500,4,0.23625
ssm-16,1,1500,8,0.11125
ssm-16,1,1500,16,0.0571875
ssm-16,1,1500,32,0.0321875
ssm-16,1,1500,64,0.01734375
ssm-16,1,2250,4,0.2875
ssm-16,1,2250,8,0.133125
ssm-16,1,2250,16,0.0753125
ssm-16,1,2250,32,0.04171875
ssm-16,1,2250,64,0.0228125
ssm-16,1,3000,4,0.32375
ssm-16,1,3000,8,0.145
ssm-16,1,3000,16,0.0759375
ssm-16,1,3000,32,0.045625
ssm-16,1,3000,64,0.024765625
ssm-16,1,3750,4,0.49625
ssm-16,1,3750,8,0.276875
ssm-16,1,3750,16,0.1365625
ssm-16,1,3750,32,0.07671875
ssm-16,1,3750,64,0.038671875
ssm-16,1,4500,4,0.52875
ssm-16,1,4500,8,0.284375
ssm-16,1,4500,16,0.143125
ssm-16,1,4500,32,0.0815625
ssm-16,1,4500,64,0.044609375
ssm-16,1,5250,4,0.54125
ssm-16,1,5250,8,0.30875
ssm-16,1,5250,16,0.156875
ssm-16,1,5250,32,0.08421875
ssm-16,1,5250,64,0.04484375
ssm-16,1,6000,4,0.54625
ssm-16,1,6000,8,0.31875
ssm-16,1,6000,16,0.1584375
ssm-16,1,6000,32,0.08234375
ssm-16,1,6000,64,0.0459375
ssm-16,1,6750,4,0.55875
ssm-16,1,6750,8,0.325625
ssm-16,1,6750,16,0.1609375
ssm-16,1,6750,32,0.08671875
ssm-16,1,6750,64,0.04578125
ssm-16,1,7500,4,0.56
ssm-16,1,7500,8,0.32125
ssm-16,1,7500,16,0.161875
ssm-16,1,7500,32,0.0875
ssm-16,1,7500,64,0.047890625
ssm-16,2,750,4,0.01
ssm-16,2,750,8,0.00625
ssm-16,2,750,16,0.0115625
ssm-16,2,750,32,0.010625
ssm-16,2,750,64,0.00828125
ssm-16,2,1500,4,0.26375
ssm-16,2,1500,8,0.128125
ssm-16,2,1500,16,0.0634375
ssm-16,2,1500,32,0.03421875
ssm-16,2,1500,64,0.018984375
ssm-16,2,2250,4,0.94875
ssm-16,2,2250,8,0.825
ssm-16,2,2250,16,0.5915625
ssm-16,2,2250,32,0.316875
ssm-16,2,2250,64,0.143359375
ssm-16,2,3000,4,0.99875
ssm-16,2,3000,8,0.995
ssm-16,2,3000,16,0.9646875
ssm-16,2,3000,32,0.80671875
ssm-16,2,3000,64,0.483203125
ssm-16,2,3750,4,1.0
ssm-16,2,3750,8,0.99875
ssm-16,2,3750,16,0.9896875
ssm-16,2,3750,32,0.89
ssm-16,2,3750,64,0.5940625
ssm-16,2,4500,4,1.0
ssm-16,2,4500,8,0.999375
ssm-16,2,4500,16,0.989375
ssm-16,2,4500,32,0.92765625
ssm-16,2,4500,64,0.6684375
ssm-16,2,5250,4,1.0
ssm-16,2,5250,8,1.0
ssm-16,2,5250,16,0.996875
ssm-16,2,5250,32,0.94265625
ssm-16,2,5250,64,0.7090625
ssm-16,2,6000,4,1.0
ssm-16,2,6000,8,1.0
ssm-16,2,6000,16,0.9971875
ssm-16,2,6000,32,0.95171875
ssm-16,2,6000,64,0.73109375
ssm-16,2,6750,4,1.0
ssm-16,2,6750,8,1.0
ssm-16,2,6750,16,0.99625
ssm-16,2,6750,32,0.95484375
ssm-16,2,6750,64,0.74140625
ssm-16,2,7500,4,1.0
ssm-16,2,7500,8,1.0
ssm-16,2,7500,16,0.99625
ssm-16,2,7500,32,0.95515625
ssm-16,2,7500,64,0.74609375
lti-32,0,750,4,0.00125
lti-32,0,750,8,0.003125
lti-32,0,750,16,0.0046875
lti-32,0,750,32,0.00546875
lti-32,0,750,64,0.004609375
lti-32,0,1500,4,0.00875
lti-32,0,1500,8,0.003125
lti-32,0,1500,16,0.0059375
lti-32,0,1500,32,0.005625
lti-32,0,1500,64,0.00453125
lti-32,0,2250,4,0.14625
lti-32,0,2250,8,0.051875
lti-32,0,2250,16,0.03625
lti-32,0,2250,32,0.0209375
lti-32,0,2250,64,0.01
lti-32,0,3000,4,0.245
lti-32,0,3000,8,0.105625
lti-32,0,3000,16,0.0528125
lti-32,0,3000,32,0.03203125
lti-32,0,3000,64,0.01640625
lti-32,0,3750,4,0.2475
lti-32,0,3750,8,0.111875
lti-32,0,3750,16,0.065625
lti-32,0,3750,32,0.03359375
lti-32,0,3750,64,0.01921875
lti-32,0,4500,4,0.24875
lti-32,0,4500,8,0.116875
lti-32,0,4500,16,0.0671875
lti-32,0,4500,32,0.035625
lti-32,0,4500,64,0.020078125
lti-32,0,5250,4,0.25
lti-32,0,5250,8,0.128125
lti-32,0,5250,16,0.07
lti-32,0,5250,32,0.04
lti-32,0,5250,64,0.021953125
lti-32,0,6000,4,0.255
lti-32,0,6000,8,0.130625
lti-32,0,6000,16,0.071875
lti-32,0,6000,32,0.03859375
lti-32,0,6000,64,0.02328125
lti-32,0,6750,4,0.25875
lti-32,0,6750,8,0.135625
lti-32,0,6750,16,0.0725
lti-32,0,6750,32,0.03984375
lti-32,0,6750,64,0.0234375
lti-32,0,7500,4,0.255
lti-32,0,7500,8,0.13375
lti-32,0,7500,16,0.0734375
lti-32,0,7500,32,0.0403125
lti-32,0,7500,64,0.023203125
lti-32,1,750,4,0.00375
lti-32,1,750,8,0.00875
lti-32,1,750,16,0.0040625
lti-32,1,750,32,0.0034375
lti-32,1,750,64,0.00390625
lti-32,1,1500,4,0.00625
lti-32,1,1500,8,0.00375
lti-32,1,1500,16,0.001875
lti-32,1,1500,32,0.00296875
lti-32,1,1500,64,0.004375
lti-32,1,2250,4,0.14375
lti-32,1,2250,8,0.05875
lti-32,1,2250,16,0.0271875
lti-32,1,2250,32,0.01625
lti-32,1,2250,64,0.006484375
lti-32,1,3000,4,0.25375
lti-32,1,3000,8,0.095
lti-32,1,3000,16,0.0528125
lti-32,1,3000,32,0.03046875
lti-32,1,3000,64,0.01515625
lti-32,1,3750,4,0.25625
lti-32,1,3750,8,0.118125
lti-32,1,3750,16,0.0646875
lti-32,1,3750,32,0.0321875
lti-32,1,3750,64,0.020078125
lti-32,1,4500,4,0.25625
lti-32,1,4500,8,0.12625
lti-32,1,4500,16,0.068125
lti-32,1,4500,32,0.03671875
lti-32,1,4500,64,0.021015625
lti-32,1,5250,4,0.26625
lti-32,1,5250,8,0.130625
lti-32,1,5250,16,0.069375
lti-32,1,5250,32,0.0378125
lti-32,1,5250,64,0.021640625
lti-32,1,6000,4,0.26
lti-32,1,6000,8,0.131875
lti-32,1,6000,16,0.071875
lti-32,1,6000,32,0.03921875
lti-32,1,6000,64,0.022421875
lti-32,1,6750,4,0.25625
lti-32,1,6750,8,0.128125
lti-32,1,6750,16,0.073125
lti-32,1,6750,32,0.04015625
lti-32,1,6750,64,0.023046875
lti-32,1,7500,4,0.25875
lti-32,1,7500,8,0.130625
lti-32,1,7500,16,0.0725
lti-32,1,7500,32,0.0396875
lti-32,1,7500,64,0.02265625
lti-32,2,750,4,0.00375
lti-32,2,750,8,0.0025
lti-32,2,750,16,0.00375
lti-32,2,750,32,0.004375
lti-32,2,750,64,0.004140625
lti-32,2,1500,4,0.005
lti-32,2,1500,8,0.005
lti-32,2,1500,16,0.0046875
lti-32,2,1500,32,0.00296875
lti-32,2,1500,64,0.003515625
lti-32,2,2250,4,0.125
lti-32,2,2250,8,0.056875
lti-32,2,2250,16,0.025625
lti-32,2,2250,32,0.01515625
lti-32,2,2250,64,0.00921875
lti-32,2,3000,4,0.23875
lti-32,2,3000,8,0.095
lti-32,2,3000,16,0.051875
lti-32,2,3000,32,0.02796875
lti-32,2,3000,64,0.013359375
lti-32,2,3750,4,0.24
lti-32,2,3750,8,0.11875
lti-32,2,3750,16,0.0515625
lti-32,2,3750,32,0.03609375
lti-32,2,3750,64,0.0184375
lti-32,2,4500,4,0.2525
lti-32,2,4500,8,0.129375
lti-32,2,4500,16,0.0603125
lti-32,2,4500,32,0.03578125
lti-32,2,4500,64,0.01859375
lti-32,2,5250,4,0.26
lti-32,2,5250,8,0.125
lti-32,2,5250,16,0.0653125
lti-32,2,5250,32,0.03703125
lti-32,2,5250,64,0.02015625
lti-32,2,6000,4,0.25
lti-32,2,6000,8,0.13125
lti-32,2,6000,16,0.065625
lti-32,2,6000,32,0.0390625
lti-32,2,6000,64,0.02203125
lti-32,2,6750,4,0.24625
lti-32,2,6750,8,0.13
lti-32,2,6750,16,0.068125
lti-32,2,6750,32,0.03921875
lti-32,2,6750,64,0.021328125
lti-32,2,7500,4,0.24375
lti-32,2,7500,8,0.130625
lti-32,2,7500,16,0.0678125
lti-32,2,7500,32,0.0396875
lti-32,2,7500,64,0.022890625
