name,length,floats_per_layer,params
attention,12,1536,166144
attention,24,3072,166144
attention,48,6144,166144
attention,96,12288,166144
attention,192,24576,166144
ssm-32,12,4672,193456
ssm-32,24,4672,193456
ssm-32,48,4672,193456
ssm-32,96,4672,193456
ssm-32,192,4672,193456
ssm-4,12,920,185728
ssm-4,24,920,185728
ssm-4,48,920,185728
ssm-4,96,920,185728
ssm-4,192,920,185728
ssm-8,12,1456,186832
ssm-8,24,1456,186832
ssm-8,48,1456,186832
ssm-8,96,1456,186832
ssm-8,192,1456,186832
ssm-16,12,2528,189040
ssm-16,24,2528,189040
ssm-16,48,2528,189040
ssm-16,96,2528,189040
ssm-16,192,2528,189040
lti-32,12,4480,185120
lti-32,24,4480,185120
lti-32,48,4480,185120
lti-32,96,4480,185120
lti-32,192,4480,185120
