name,seed,status,accuracy_at_4,accuracy_at_64,recalled_max,recalled_at_64,curve_4pairs_last_quarter_change,k90,k90_censored
attention,0,learned,1.0,1.0,64.0,64.0,0.0,64.0,above
attention,1,learned,1.0,1.0,64.0,64.0,0.0,64.0,above
attention,2,learned,1.0,1.0,64.0,64.0,0.0,64.0,above
ssm-4,0,stuck,0.24775,0.025640625,0.4052813333300136,0.4052813333300136,-0.00874999999999998,4.0,below
ssm-4,1,stuck,0.258,0.025703125,0.4093605981461056,0.4093605981461056,0.013749999999999984,4.0,below
ssm-4,2,stuck,0.25975,0.027390625,0.519500748180589,0.519500748180589,-0.0012500000000000289,4.0,below
ssm-8,0,partial,0.7785,0.05825,3.514382948235715,2.533637751126006,0.03249999999999997,4.0,below
ssm-8,1,stuck,0.2575,0.026984375,0.4929855268759913,0.4929855268759913,-0.00874999999999998,4.0,below
ssm-8,2,partial,0.40975,0.02896875,0.8430553234163464,0.6225021847869118,0.01375000000000004,4.0,below
ssm-16,0,partial,0.4665,0.04559375,1.7075866258673793,1.7075866258673793,-0.0012499999999999734,4.0,below
ssm-16,1,partial,0.5735,0.04684375,1.789171922189219,1.789171922189219,0.018750000000000044,4.0,below
ssm-16,2,learned,1.0,0.745046875,47.35965899895678,47.35965899895678,0.0,38.51678102563712,
ssm-32,0,learned,1.0,0.87525,55.8577874270804,55.8577874270804,0.0,54.9644515692297,
ssm-32,1,learned,1.0,0.889703125,56.80111741580168,56.80111741580168,0.0,59.61581165486725,
ssm-32,2,stuck,0.26175,0.027265625,0.5113422185484052,0.5113422185484052,0.015000000000000013,4.0,below
lti-32,0,stuck,0.25025,0.022953125,0.2298729462380584,0.2298729462380584,0.0050000000000000044,4.0,below
lti-32,1,stuck,0.256,0.02296875,0.2308927624420813,0.2308927624420813,-0.007500000000000007,4.0,below
lti-32,2,stuck,0.25125,0.021515625,0.1360498554679427,0.1360498554679427,-0.016250000000000014,4.0,below
