time,actual,B0 train mean,B1 climatology,B2 smart persistence,M ridge,M gbdt,M esn
2019-06-10 00:00:00+00:00,0.0,0.10235762977579373,0.0,0.0,0.002515826754197509,0.00013138243103124104,0.00019244807077951898
2019-06-10 01:00:00+00:00,0.0,0.10235762977579373,0.0,0.0,0.004556083522564355,0.00013138243103124104,0.0
2019-06-10 02:00:00+00:00,8.077544426494346e-05,0.10235762977579373,6.681757726088485e-05,0.0,0.006599704192875908,0.00020654742924535065,0.0
2019-06-10 03:00:00+00:00,0.0044426494345718905,0.10235762977579373,0.007060654177859646,0.0,0.009200878944530241,0.007373843541499856,0.0062490367262646035
2019-06-10 04:00:00+00:00,0.02544426494345719,0.10235762977579373,0.04487291882356986,0.07711655353858887,0.03329881444476203,0.03627949688413058,0.04233395013243357
2019-06-10 05:00:00+00:00,0.06894184168012923,0.10235762977579373,0.12160072488399845,0.06260039981172114,0.08341433509207598,0.06486608881473828,0.07393712299942447
2019-06-10 06:00:00+00:00,0.1242124394184168,0.10235762977579373,0.22508173069361476,0.12199835188218627,0.1397500420097605,0.11992754130850389,0.1250830632880506
2019-06-10 07:00:00+00:00,0.19050888529886914,0.10235762977579373,0.32408172818222586,0.15983839029167363,0.1917578621803751,0.18266147859483534,0.18431475410406975
2019-06-10 08:00:00+00:00,0.28533925686591277,0.10235762977579373,0.40566537356470594,0.23028260794784236,0.2622665167682055,0.2621392684759342,0.2554286452025883
2019-06-10 09:00:00+00:00,0.36484248788368334,0.10235762977579373,0.4579479222341241,0.31855304868246215,0.3769617807311467,0.35246451999636497,0.3612028388651482
2019-06-10 10:00:00+00:00,0.4023626817447496,0.10235762977579373,0.4862776665578164,0.36973162998734616,0.41261368256033215,0.4001915599477543,0.4098740778015329
2019-06-10 11:00:00+00:00,0.3971122778675283,0.10235762977579373,0.4922269293915023,0.42287950986493267,0.4050103736960129,0.4230595150910142,0.40973349554175686
2019-06-10 12:00:00+00:00,0.3630856219709208,0.10235762977579373,0.47386487711933284,0.3870719637346,0.3619124450716499,0.3862027228684043,0.373538883820182
2019-06-10 13:00:00+00:00,0.3010702746365105,0.10235762977579373,0.42829973666207716,0.35346134742501184,0.3117137449263483,0.3192354449595448,0.3177802829427042
2019-06-10 14:00:00+00:00,0.23053311793214862,0.10235762977579373,0.35830858548705685,0.29097762981370967,0.2295211545457464,0.24477751111199914,0.2349792348785001
2019-06-10 15:00:00+00:00,0.15345315024232634,0.10235762977579373,0.2665663238094753,0.18918872795305644,0.15623963893018405,0.17152764834300854,0.16218415033861536
2019-06-10 16:00:00+00:00,0.08216882067851373,0.10235762977579373,0.16628982440921394,0.13413570171517955,0.08366755190996597,0.10350690655465464,0.08900893137035554
2019-06-10 17:00:00+00:00,0.03745961227786753,0.10235762977579373,0.07946438726742289,0.04565974059053048,0.018197334466689793,0.040483557094611315,0.029987381475693256
2019-06-10 18:00:00+00:00,0.010823909531502423,0.10235762977579373,0.02396705379668081,0.020976733273448327,0.017570612594364363,0.012033122596518989,0.015095747786476488
2019-06-10 19:00:00+00:00,0.0009894991922455574,0.10235762977579373,0.0017195411962930272,0.003599816922390087,0.0073451299560540195,0.001070897858127074,0.0008896474058248671
2019-06-10 20:00:00+00:00,0.0,0.10235762977579373,0.0,0.0,0.002902033545446034,0.0,0.001833575742713811
2019-06-10 21:00:00+00:00,0.0,0.10235762977579373,0.0,0.0,0.0,2.574538853699131e-05,0.003169067975801937
2019-06-10 22:00:00+00:00,0.0,0.10235762977579373,0.0,0.0,0.006895119466870478,0.0,0.0010954728457897023
2019-06-10 23:00:00+00:00,0.0,0.10235762977579373,0.0,0.0,0.007804064945339653,8.507500128505689e-06,0.0012604160557172644
2019-06-11 00:00:00+00:00,0.0,0.10235762977579373,0.0,0.0,0.002523352166759349,0.00013138243103124104,0.0002079056611295066
2019-06-11 01:00:00+00:00,0.0,0.10235762977579373,0.0,0.0,0.004561708931784425,0.00013138243103124104,0.0
2019-06-11 02:00:00+00:00,0.0001009611501494225,0.10235762977579373,6.568496144199837e-05,0.0,0.006602834463739993,0.00020654742924535065,0.0
2019-06-11 03:00:00+00:00,0.004664405136903319,0.10235762977579373,0.00703951671669857,0.0,0.009052430857843671,0.003539169504089414,0.004452252093242973
2019-06-11 04:00:00+00:00,0.02336241014457637,0.10235762977579373,0.04457942377535039,0.07711655353858887,0.03621162008001594,0.030287581832201822,0.041263356925165785
2019-06-11 05:00:00+00:00,0.07469105888054277,0.10235762977579373,0.1197173364315313,0.057478422696268974,0.07902420246810986,0.06298204721061443,0.07353773638590405
2019-06-11 06:00:00+00:00,0.15063403602293837,0.10235762977579373,0.22080329885701674,0.13217207231044875,0.15067267125611838,0.1396206081505103,0.13963477949485126
2019-06-11 07:00:00+00:00,0.22635489863500524,0.10235762977579373,0.31750355304606226,0.19383808863087645,0.22875131635814747,0.21007704642559535,0.22560413804539114
2019-06-11 08:00:00+00:00,0.2954729020272999,0.10235762977579373,0.398222635670937,0.27361241601757424,0.28734192365632544,0.3010709261516178,0.29256036780699674
2019-06-11 09:00:00+00:00,0.3406631128341814,0.10235762977579373,0.4502892134206254,0.3298662608772466,0.34339331195323064,0.34919080296163185,0.34473741376993355
2019-06-11 10:00:00+00:00,0.3721226072207415,0.10235762977579373,0.4794760566054036,0.34522823456050133,0.3560282143625131,0.35835315259178596,0.36106535412592944
2019-06-11 11:00:00+00:00,0.38343025603747677,0.10235762977579373,0.48449048034895875,0.391097467262125,0.3813192474456536,0.382563278088944,0.37902955369388436
2019-06-11 12:00:00+00:00,0.36887165818593004,0.10235762977579373,0.46597359482318973,0.3737358687489286,0.3665223076385319,0.38317080007815935,0.36857981603016166
2019-06-11 13:00:00+00:00,0.336018899927308,0.10235762977579373,0.4208872494494266,0.3590940137523248,0.3272812317781535,0.3313242999953842,0.32903921942952097
2019-06-11 14:00:00+00:00,0.2856998626928358,0.10235762977579373,0.35079928392506315,0.32475468789306117,0.28348960994730216,0.2832093886636525,0.2812220262009973
2019-06-11 15:00:00+00:00,0.2148049430579113,0.10235762977579373,0.26204199151298635,0.23446172976816737,0.21501937302410137,0.20698596804136854,0.21612985350771835
2019-06-11 16:00:00+00:00,0.12959373233179872,0.10235762977579373,0.16443588451646343,0.18776422460837003,0.1368061646137207,0.1400236447715512,0.1358646179223527
2019-06-11 17:00:00+00:00,0.06073822792989258,0.10235762977579373,0.078860900325885,0.0720129137982853,0.043174590817766915,0.06197203830732612,0.054149656309653536
2019-06-11 18:00:00+00:00,0.01799127695662709,0.10235762977579373,0.023577631758921986,0.03401235435477381,0.018457597935237796,0.012518017740534435,0.01871604975421378
2019-06-11 19:00:00+00:00,0.0014336483321217995,0.10235762977579373,0.001728012605744102,0.00598354070268021,0.008256440863373446,0.0011091598676295138,0.0031480152244759557
2019-06-11 20:00:00+00:00,0.0,0.10235762977579373,0.0,0.0,0.0043315985284086145,0.0,0.0
2019-06-11 21:00:00+00:00,0.0,0.10235762977579373,0.0,0.0,0.00038109395660002043,2.574538853699131e-05,0.0004359533343070293
2019-06-11 22:00:00+00:00,0.0,0.10235762977579373,0.0,0.0,0.007138172849751531,0.0,0.0
2019-06-11 23:00:00+00:00,0.0,0.10235762977579373,0.0,0.0,0.007813242846564844,8.507500128505689e-06,0.0
2019-06-12 00:00:00+00:00,0.0,0.10235762977579373,0.0,0.0,0.002529438238298848,0.00013138243103124104,0.0
2019-06-12 01:00:00+00:00,0.0,0.10235762977579373,0.0,0.0,0.004566024209204517,0.00013138243103124104,0.0
2019-06-12 02:00:00+00:00,0.00010095299628492974,0.10235762977579373,6.562532381458301e-05,0.0,0.006607618556176531,0.00020654742924535065,0.0
2019-06-12 03:00:00+00:00,0.005491842997900178,0.10235762977579373,0.006875755770477883,0.0,0.009071295420327974,0.003539169504089414,0.004407745669377461
2019-06-12 04:00:00+00:00,0.03428363753836214,0.10235762977579373,0.04376373253857002,0.07711655353858887,0.038205208157546744,0.0368284937869066,0.04251432451402545
2019-06-12 05:00:00+00:00,0.08803101276045873,0.10235762977579373,0.11665919095068343,0.08434786470235499,0.09924622612481754,0.08935204287700654,0.0975988339683552
2019-06-12 06:00:00+00:00,0.14825957034404783,0.10235762977579373,0.21563647985548567,0.15577823582266015,0.1625418593730773,0.1596489148565689,0.16067232713404123
2019-06-12 07:00:00+00:00,0.19467775803585852,0.10235762977579373,0.3113725525197627,0.19078259134176664,0.20883665111510444,0.20784434937006005,0.21185298579046957
2019-06-12 08:00:00+00:00,0.22569051849458893,0.10235762977579373,0.39232714224790144,0.23532184212618792,0.23199127613678971,0.2567854665579066,0.2399376665392035
2019-06-12 09:00:00+00:00,0.260034727830722,0.10235762977579373,0.4442137794309686,0.25196113396679126,0.2470331677195369,0.260205862352379,0.2526166621512619
2019-06-12 10:00:00+00:00,0.29229930544338556,0.10235762977579373,0.4739302491231349,0.2635193733379553,0.28558209883076696,0.2826077272991112,0.28147899560621703
2019-06-12 11:00:00+00:00,0.3073211112905831,0.10235762977579373,0.48075127016874264,0.3072039049043148,0.3118948116434239,0.3025189997066078,0.305092534264717
2019-06-12 12:00:00+00:00,0.30867388144080116,0.10235762977579373,0.46186154744856267,0.2995510153529617,0.29878685885798417,0.3012144082571459,0.30062502394667695
2019-06-12 13:00:00+00:00,0.2792359877241157,0.10235762977579373,0.4158105254048614,0.3004918935008448,0.28883741525734064,0.2947198040275364,0.2888967185820296
2019-06-12 14:00:00+00:00,0.24430625100952996,0.10235762977579373,0.3458087330400743,0.2630007487173993,0.2271556749033326,0.23761013771779657,0.23344591134348025
2019-06-12 15:00:00+00:00,0.19984655144564692,0.10235762977579373,0.2578322978639359,0.20573237509153425,0.19637534845793223,0.18750545342143304,0.19580402612524317
2019-06-12 16:00:00+00:00,0.13959780326280083,0.10235762977579373,0.1619482918573625,0.17468886999836017,0.14753416721635781,0.1347193939437035,0.14170755183485712
2019-06-12 17:00:00+00:00,0.06891051526409304,0.10235762977579373,0.07861516254975724,0.07757199666921992,0.06807555281242034,0.06993740540850683,0.07214732598261327
2019-06-12 18:00:00+00:00,0.021139557422064286,0.10235762977579373,0.023935921112223535,0.03858869354301439,0.010503229474600959,0.021647266027680544,0.014709741051041017
2019-06-12 19:00:00+00:00,0.0015748667420449039,0.10235762977579373,0.0018338598801341329,0.007030596137033774,0.006244591200656402,0.0015967022660562144,0.0014523534940247829
2019-06-12 20:00:00+00:00,0.0,0.10235762977579373,0.0,0.0,0.003789028275744677,0.0,0.0
2019-06-12 21:00:00+00:00,0.0,0.10235762977579373,0.0,0.0,0.0018406843881828006,2.574538853699131e-05,0.0
2019-06-12 22:00:00+00:00,0.0,0.10235762977579373,0.0,0.0,0.0072216031242617745,0.0,0.0
2019-06-12 23:00:00+00:00,0.0,0.10235762977579373,0.0,0.0,0.00782087060131638,8.507500128505689e-06,0.0
2019-06-13 00:00:00+00:00,0.0,0.10235762977579373,0.0,0.0,0.0025340898262592865,0.00013138243103124104,0.0
2019-06-13 01:00:00+00:00,0.0,0.10235762977579373,0.0,0.0,0.004569035011453337,0.00013138243103124104,0.0
2019-06-13 02:00:00+00:00,8.07526143658901e-05,0.10235762977579373,6.43974187213855e-05,0.0,0.006609773510767802,0.00020654742924535065,0.0
2019-06-13 03:00:00+00:00,0.005026850244276658,0.10235762977579373,0.006795849332126665,0.0,0.009088772848732607,0.004798438668353628,0.005474186163306027
2019-06-13 04:00:00+00:00,0.03690394476521178,0.10235762977579373,0.04371694507845285,0.07711655353858887,0.03608281678691347,0.038067298340419733,0.042383888042291165
2019-06-13 05:00:00+00:00,0.10417087253199822,0.10235762977579373,0.11604844032588738,0.09079459367624541,0.10521270143409225,0.09682462413443549,0.10201271247974787
2019-06-13 06:00:00+00:00,0.21092582872370494,0.10235762977579373,0.21379408668522923,0.18433906686156962,0.19161366464637394,0.18791780884946516,0.18904348872922105
2019-06-13 07:00:00+00:00,0.3291072798481851,0.10235762977579373,0.3112902235752356,0.27142245246924535,0.3139514046475608,0.3114924216561789,0.3130704498182616
2019-06-13 08:00:00+00:00,0.43513546251059876,0.10235762977579373,0.3938570615960214,0.3978170497358442,0.4154989446547057,0.4220576081118114,0.42126885935670894
2019-06-13 09:00:00+00:00,0.5055921185448379,0.10235762977579373,0.44575469589740707,0.4857856913734871,0.49173355257231444,0.4948203253760757,0.5039570940299607
2019-06-13 10:00:00+00:00,0.5342592966447288,0.10235762977579373,0.4747189453993593,0.5123674032119179,0.5171605340207602,0.5376703645537606,0.5411809479978003
2019-06-13 11:00:00+00:00,0.5366616869221141,0.10235762977579373,0.48165492538351756,0.5615016495223335,0.5136428242045626,0.5468190523660537,0.5378721559818238
2019-06-13 12:00:00+00:00,0.507732062825534,0.10235762977579373,0.4651180191606297,0.5230931013605197,0.4998636510769182,0.5168276604806424,0.5195607024057356
2019-06-13 13:00:00+00:00,0.45948237574191464,0.10235762977579373,0.4212832917785634,0.4942736594278224,0.4451891859121949,0.4654178786583097,0.4582130003743947
2019-06-13 14:00:00+00:00,0.3866031412766988,0.10235762977579373,0.35183910950337405,0.4327673156583479,0.38908860028128867,0.3783673868140774,0.38986399041560116
2019-06-13 15:00:00+00:00,0.2900028263415028,0.10235762977579373,0.2628339285258432,0.3255617985378549,0.295416871820588,0.29399640150360495,0.29146118317239433
2019-06-13 16:00:00+00:00,0.1809666087939597,0.10235762977579373,0.16526553268154345,0.2534958229874989,0.19162390743178093,0.1757751662282187,0.1807109808962461
2019-06-13 17:00:00+00:00,0.0823676666532079,0.10235762977579373,0.08075226443497807,0.10055990027420303,0.07758156917557724,0.08254605092273626,0.08003962791984252
2019-06-13 18:00:00+00:00,0.02406427908103525,0.10235762977579373,0.024895452553957722,0.046124464955060264,0.01596346413812251,0.023856612076841296,0.01619834700366371
2019-06-13 19:00:00+00:00,0.0016352404409092744,0.10235762977579373,0.0019315289286640168,0.008003300361011436,0.011523045004006499,0.0017832033267274306,0.0
2019-06-13 20:00:00+00:00,0.0,0.10235762977579373,0.0,0.0,0.006229758621938808,0.0,0.0
2019-06-13 21:00:00+00:00,0.0,0.10235762977579373,0.0,0.0,0.0032969888621690174,2.574538853699131e-05,0.0
2019-06-13 22:00:00+00:00,0.0,0.10235762977579373,0.0,0.0,0.007261249936608941,0.0,0.0
2019-06-13 23:00:00+00:00,0.0,0.10235762977579373,0.0,0.0,0.007826952010571042,8.507500128505689e-06,0.0
2019-06-14 00:00:00+00:00,0.0,0.10235762977579373,0.0,0.0,0.0025373122817128058,0.00013138243103124104,0.0006130540063778722
2019-06-14 01:00:00+00:00,0.0,0.10235762977579373,0.0,0.0,0.004570747477734255,0.00013138243103124104,0.00040061581882057384
2019-06-14 02:00:00+00:00,0.00010092854259184497,0.10235762977579373,6.814708061318122e-05,0.0,0.006609306028088721,0.00020654742924535065,0.00011313677452828852
2019-06-14 03:00:00+00:00,0.006883326604763827,0.10235762977579373,0.006926839612966845,0.0,0.009099861917584884,0.004798438668353628,0.006226957548184545
2019-06-14 04:00:00+00:00,0.04779975777149778,0.10235762977579373,0.04428169504971686,0.07711655353858887,0.03973576137632169,0.04304702227241558,0.046434546496936596
2019-06-14 05:00:00+00:00,0.13796931772305207,0.10235762977579373,0.11777731978315713,0.11760150878984738,0.12361125923779444,0.136399699189189,0.1259715927864023
2019-06-14 06:00:00+00:00,0.25867985466289867,0.10235762977579373,0.21564540835765175,0.24414824092773657,0.24757164498931916,0.25299588445452936,0.25285226751799794
2019-06-14 07:00:00+00:00,0.3635244247073072,0.10235762977579373,0.3126725271267458,0.33287303400364066,0.3693738009530799,0.37634651199838653,0.3735854424406285
2019-06-14 08:00:00+00:00,0.44461041582559546,0.10235762977579373,0.39397302859613414,0.43941967558630557,0.4348774225419595,0.4538989850524937,0.4446391595674215
2019-06-14 09:00:00+00:00,0.49521598708114656,0.10235762977579373,0.4467646880643962,0.4963635392930762,0.4903201686493299,0.5043912561792173,0.4966274324041662
2019-06-14 10:00:00+00:00,0.5164513524424708,0.10235762977579373,0.47532190153558124,0.5018522243979398,0.5087626755323528,0.5225788971513793,0.5152700491210608
2019-06-14 11:00:00+00:00,0.4980016148566815,0.10235762977579373,0.4807162940895398,0.5427856625344294,0.5097357409047919,0.5127897462332153,0.511131592362442
2019-06-14 12:00:00+00:00,0.4477392006459427,0.10235762977579373,0.4617682641097957,0.48541048400896036,0.4523904807024103,0.4762574860458371,0.46030457642652745
2019-06-14 13:00:00+00:00,0.3750100928542592,0.10235762977579373,0.4151730922197879,0.4358710220918288,0.3830732461807965,0.39611906305149586,0.3867673075944834
2019-06-14 14:00:00+00:00,0.2945700444085587,0.10235762977579373,0.3437677994030634,0.3532063900541921,0.29842707836006155,0.2958318283500307,0.2970769694070894
2019-06-14 15:00:00+00:00,0.21277755349212757,0.10235762977579373,0.25551136681097203,0.2480599436836657,0.21634520566168214,0.20894228992971375,0.21064029544890384
2019-06-14 16:00:00+00:00,0.13696003229713363,0.10235762977579373,0.16002606837596017,0.18599205296101715,0.1418380768286767,0.13888731987250835,0.13542429717995585
2019-06-14 17:00:00+00:00,0.06895438029874848,0.10235762977579373,0.07823424090284437,0.07610623463156307,0.06728591322304678,0.06411343736520916,0.07119837435993664
2019-06-14 18:00:00+00:00,0.020569236980218005,0.10235762977579373,0.02400871265287833,0.03861325720174028,0.0216315830330574,0.023318379058358662,0.022332097465883383
2019-06-14 19:00:00+00:00,0.0017763423496164716,0.10235762977579373,0.001870949092152046,0.0068409189070303324,0.0035927085365452943,0.0016942874727265485,0.0
2019-06-14 20:00:00+00:00,0.0,0.10235762977579373,0.0,0.0,0.0051307855980389505,0.0,0.00045165549345060896
2019-06-14 21:00:00+00:00,0.0,0.10235762977579373,0.0,0.0,0.0012720649338940349,2.574538853699131e-05,0.0009253018315140971
2019-06-14 22:00:00+00:00,0.0,0.10235762977579373,0.0,0.0,0.007341390469623829,0.0,0.0012275096606326197
2019-06-14 23:00:00+00:00,0.0,0.10235762977579373,0.0,0.0,0.007831491379987648,8.507500128505689e-06,0.0010567341372675204
2019-06-15 00:00:00+00:00,0.0,0.10235762977579373,0.0,0.0,0.0025391114467319675,0.00013138243103124104,0.0014288389848398503
2019-06-15 01:00:00+00:00,0.0,0.10235762977579373,0.0,0.0,0.004571168225597805,0.00013138243103124104,0.0012887723872611057
2019-06-15 02:00:00+00:00,0.00020185301063765365,0.10235762977579373,6.560636905074336e-05,0.0,0.006610511885103976,0.0003007274342919532,0.001115805025163119
2019-06-15 03:00:00+00:00,0.005046325265941342,0.10235762977579373,0.006445990605426634,0.0,0.009446711088228948,0.007373843541499856,0.007619293935412122
2019-06-15 04:00:00+00:00,0.03241759350840718,0.10235762977579373,0.04163366200497942,0.07711655353858887,0.03447481355860424,0.04064583241361054,0.043708633827514026
2019-06-15 05:00:00+00:00,0.09210552875396137,0.10235762977579373,0.10989725677764854,0.07975684575953841,0.09628531535566662,0.08225920547021731,0.09143186938535139
2019-06-15 06:00:00+00:00,0.18079974162814638,0.10235762977579373,0.19954843918822476,0.16298843247263164,0.1769192992992099,0.17204507002850625,0.16935736637830548
2019-06-15 07:00:00+00:00,0.2805756847863386,0.10235762977579373,0.2894126197325216,0.23265576138993882,0.27486799047410393,0.272064175779428,0.2686347676188568
2019-06-15 08:00:00+00:00,0.3566338991946065,0.10235762977579373,0.3649104352910948,0.3391532122923684,0.36724210041886873,0.35265573626122665,0.3641501684220399
2019-06-15 09:00:00+00:00,0.40931753497103407,0.10235762977579373,0.4150378685124155,0.39814646291499295,0.40312723006032425,0.4133521533369027,0.40901417324224526
2019-06-15 10:00:00+00:00,0.42013685634121234,0.10235762977579373,0.4448334716164125,0.4148026735183634,0.431658368699781,0.43926328681845245,0.4384336838856321
2019-06-15 11:00:00+00:00,0.41751276720292285,0.10235762977579373,0.4530454938996122,0.44156000530504935,0.403578695702827,0.422982950444208,0.4143728367635471
2019-06-15 12:00:00+00:00,0.41040754122847745,0.10235762977579373,0.4382308857856206,0.4069566611068432,0.3974224361758876,0.40664795772117057,0.401206890987359
2019-06-15 13:00:00+00:00,0.38093700167537997,0.10235762977579373,0.39615631869775114,0.39952890926543416,0.3861237769040917,0.37873434531004707,0.3812041683607198
2019-06-15 14:00:00+00:00,0.3276074362649119,0.10235762977579373,0.3302133677492856,0.35878869866075536,0.3278314415805451,0.321948376939491,0.32586833899765705
2019-06-15 15:00:00+00:00,0.24787549706303869,0.10235762977579373,0.24780201051846548,0.27588101279405913,0.2533644683898406,0.25075931504480203,0.2537128009831535
2019-06-15 16:00:00+00:00,0.1588785046728972,0.10235762977579373,0.1572297635855305,0.20425602668515594,0.15983278901711467,0.15756557018865774,0.16251240860051336
2019-06-15 17:00:00+00:00,0.08225510183484387,0.10235762977579373,0.07759607799200528,0.09365238143965028,0.07389626714168937,0.07570770148838267,0.08281677997380474
2019-06-15 18:00:00+00:00,0.02656385619991522,0.10235762977579373,0.02391068946215611,0.04606143060880807,0.031214914167436006,0.022602847997473186,0.03251939323890854
2019-06-15 19:00:00+00:00,0.002099271310631598,0.10235762977579373,0.0018977064657313646,0.008834609971016483,0.005186316529184526,0.0017600981601847802,0.0025039978786897954
2019-06-15 20:00:00+00:00,0.0,0.10235762977579373,0.0,0.0,0.0029962198903307757,0.0,0.0
2019-06-15 21:00:00+00:00,0.0,0.10235762977579373,0.0,0.0,0.003958831502120688,2.574538853699131e-05,0.0
2019-06-15 22:00:00+00:00,0.0,0.10235762977579373,0.0,0.0,0.007514759792909595,0.0,0.0
2019-06-15 23:00:00+00:00,0.0,0.10235762977579373,0.0,0.0,0.007834493517873978,8.507500128505689e-06,0.0
2019-06-16 00:00:00+00:00,0.0,0.10235762977579373,0.0,0.0,0.002539493651643479,0.00013138243103124104,0.0002139487686728253
2019-06-16 01:00:00+00:00,0.0,0.10235762977579373,0.0,0.0,0.0045703043466355925,0.00013138243103124104,0.0001561076783288956
2019-06-16 02:00:00+00:00,0.0001211118063825922,0.10235762977579373,6.915326248113003e-05,0.0,0.006616257240311577,0.0003007274342919532,1.0867175141759944e-05
2019-06-16 03:00:00+00:00,0.005328919480834056,0.10235762977579373,0.006532237989020911,0.0,0.009142820643866248,0.004798438668353628,0.0059586528138544925
2019-06-16 04:00:00+00:00,0.030177025090329223,0.10235762977579373,0.04177273610014252,0.07711655353858887,0.036858880288129434,0.0375603128421926,0.042994984740932614
2019-06-16 05:00:00+00:00,0.07732988837528512,0.10235762977579373,0.11080113646074806,0.07424438630791404,0.09137966482600574,0.07607732020575292,0.08791592785719675
2019-06-16 06:00:00+00:00,0.13909690963040713,0.10235762977579373,0.20087597823738265,0.13684170168806747,0.1475850246392118,0.14309528108543781,0.14215126362718558
2019-06-16 07:00:00+00:00,0.20972527805252214,0.10235762977579373,0.2912459186390565,0.17899194504165106,0.20726449049339585,0.20191143617773818,0.2055186982737277
2019-06-16 08:00:00+00:00,0.2742173149512525,0.10235762977579373,0.3665704124508484,0.2535109263106264,0.2762663987984789,0.27871421652555495,0.27471595366784135
2019-06-16 09:00:00+00:00,0.31293272239155445,0.10235762977579373,0.41687623722121464,0.3061365009452218,0.3226621148677421,0.32592651495768005,0.3222334844402443
2019-06-16 10:00:00+00:00,0.328717627823419,0.10235762977579373,0.44533814123676235,0.3171262376740896,0.3255574855883453,0.34266190882472763,0.3305210993137228
2019-06-16 11:00:00+00:00,0.33836620173189885,0.10235762977579373,0.45167616307621083,0.34547922967198663,0.32644731757420153,0.32954764814530507,0.329501210520574
2019-06-16 12:00:00+00:00,0.33142245816596355,0.10235762977579373,0.43429510534970844,0.33836620173189885,0.33362549766504673,0.33249675166108394,0.33335977204693407
2019-06-16 13:00:00+00:00,0.30443471064370925,0.10235762977579373,0.391453817388447,0.314480131576467,0.3038528824059886,0.3085813335624061,0.30566279653653944
2019-06-16 14:00:00+00:00,0.2655174501927696,0.10235762977579373,0.32737494047931304,0.2867343764943574,0.25980013340217706,0.2643723070388904,0.25913462889175193
2019-06-16 15:00:00+00:00,0.21303566742697969,0.10235762977579373,0.24661471167557228,0.2235945066107858,0.21184113170751598,0.20482140318152173,0.20874517627463013
2019-06-16 16:00:00+00:00,0.14486990573464403,0.10235762977579373,0.1574647197038677,0.1755470770061186,0.1518878055310361,0.14335939236259612,0.1480498962995769
2019-06-16 17:00:00+00:00,0.07603802910720413,0.10235762977579373,0.07801092403926926,0.08539488522327153,0.07087221707541091,0.07660117967189436,0.07581056845670463
2019-06-16 18:00:00+00:00,0.023859025857370663,0.10235762977579373,0.02408433874004398,0.04257997769408097,0.023369049926773314,0.024787919421651122,0.024548344989814584
2019-06-16 19:00:00+00:00,0.001816677095738883,0.10235762977579373,0.0019665915221863525,0.007935037223207812,0.0025758631091891554,0.0017600981601847802,0.0
2019-06-16 20:00:00+00:00,0.0,0.10235762977579373,0.0,0.0,0.0036020957003351645,0.0,0.0
2019-06-16 21:00:00+00:00,0.0,0.10235762977579373,0.0,0.0,0.0029500559147131317,2.574538853699131e-05,0.0
2019-06-16 22:00:00+00:00,0.0,0.10235762977579373,0.0,0.0,0.00737068777328119,0.0,0.0
2019-06-16 23:00:00+00:00,0.0,0.10235762977579373,0.0,0.0,0.007835963732969284,8.507500128505689e-06,0.0
