window,sigma,seed,terms,n_terms,coef,coef_rel_error,kept_true_term,right_term_set,recovered
5,0.0,0,u_xx,1,1.3332659872957289,5.05095282032908e-05,True,True,True
5,0.0,1,u_xx,1,1.3332659872957289,5.05095282032908e-05,True,True,True
5,0.0,2,u_xx,1,1.3332659872957289,5.05095282032908e-05,True,True,True
5,0.0,3,u_xx,1,1.3332659872957289,5.05095282032908e-05,True,True,True
5,0.0,4,u_xx,1,1.3332659872957289,5.05095282032908e-05,True,True,True
5,1e-09,0,u_xx,1,1.3332659862818959,5.051028857805395e-05,True,True,True
5,1e-09,1,u_xx,1,1.3332659714421649,5.052141837630364e-05,True,True,True
5,1e-09,2,u_xx,1,1.333265993086116,5.0505185412996756e-05,True,True,True
5,1e-09,3,u_xx,1,1.3332659844668073,5.05116498944469e-05,True,True,True
5,1e-09,4,u_xx,1,1.3332659699227305,5.0522557952070724e-05,True,True,True
5,2e-09,0,u_xx,1,1.3332659834690872,5.051239818454345e-05,True,True,True
5,2e-09,1,u_xx,1,1.333265953797175,5.0534652118738865e-05,True,True,True
5,2e-09,2,u_xx,1,1.3332659970948848,5.050217883634245e-05,True,True,True
5,2e-09,3,u_xx,1,1.3332659798420932,5.051511843007228e-05,True,True,True
5,2e-09,4,u_xx,1,1.3332659507642302,5.053692682732702e-05,True,True,True
5,5e-09,0,u_xx,1,1.333265964236796,5.0526822402863214e-05,True,True,True
5,5e-09,1,u_xx,1,1.3332658901136893,5.05824147329359e-05,True,True,True
5,5e-09,2,u_xx,1,1.3332659984314377,5.050117642169116e-05,True,True,True
5,5e-09,3,u_xx,1,1.3332659551932258,5.0533605080615995e-05,True,True,True
5,5e-09,4,u_xx,1,1.3332658825757728,5.05880681703208e-05,True,True,True
5,1e-08,0,u_xx,1,1.3332658962034338,5.0577847424571054e-05,True,True,True
5,1e-08,1,u_xx,1,1.333265748146136,5.068889039788749e-05,True,True,True
5,1e-08,2,u_xx,1,1.3332659650265462,5.052623009033086e-05,True,True,True
5,1e-08,3,u_xx,1,1.333265878196008,5.059135299390061e-05,True,True,True
5,1e-08,4,u_xx,1,1.3332657332184392,5.070008617052979e-05,True,True,True
5,2e-08,0,u_xx,1,1.3332656252134767,5.078108989242658e-05,True,True,True
5,2e-08,1,u_xx,1,1.3332653298546127,5.1002609040451397e-05,True,True,True
5,2e-08,2,u_xx,1,1.3332657645949968,5.067655375234903e-05,True,True,True
5,2e-08,3,u_xx,1,1.3332655895175252,5.0807861856072556e-05,True,True,True
5,2e-08,4,u_xx,1,1.3332653005917865,5.1024556160073065e-05,True,True,True
5,5e-08,0,u_xx,1,1.3332637328605972,5.220035455205663e-05,True,True,True
5,5e-08,1,u_xx,1,1.3332630001330843,5.274990018672154e-05,True,True,True
5,5e-08,2,u_xx,1,1.333264094328182,5.19292538634919e-05,True,True,True
5,5e-08,3,u_xx,1,1.3332636460125697,5.2265490572633855e-05,True,True,True
5,5e-08,4,u_xx,1,1.333262931420516,5.280143461294795e-05,True,True,True
5,1e-07,0,u_xx,1,1.3332569810352202,5.726422358481864e-05,True,True,True
5,1e-07,1,u_xx,1,1.33325553449058,5.8349132064872133e-05,True,True,True
5,1e-07,2,u_xx,1,1.3332577473434781,5.668949239134857e-05,True,True,True
5,1e-07,3,u_xx,1,1.3332568153131705,5.738851512204768e-05,True,True,True
5,1e-07,4,u_xx,1,1.3332554118812996,5.84410890252518e-05,True,True,True
5,2e-07,0,u|u_xx|u*u_xx,3,1.3343032691893135,0.000727451891985198,True,False,False
5,2e-07,1,u|u_xx|u*u_xx,3,1.3342968165648037,0.0007226124236028308,True,False,False
5,2e-07,2,u|u_xx|u*u_xx,3,1.3343084576522977,0.0007313432392233032,True,False,False
5,2e-07,3,u|u_xx|u*u_xx,3,1.334310967991824,0.0007332259938679919,True,False,False
5,2e-07,4,u|u_xx|u*u_xx,3,1.3342954250606183,0.0007215687954637562,True,False,False
5,5e-07,0,1|u|u^2|u^3|u_x|u_xx|u*u_x|u*u_xx|u^2*u_x|(u_x)^2,10,1.3554805796377356,0.01661043472830176,True,False,False
5,5e-07,1,1|u|u^2|u^3|u_x|u_xx|u*u_x|u*u_xx|u^2*u_x|(u_x)^2,10,1.3554824427430976,0.01661183205732325,True,False,False
5,5e-07,2,1|u|u^2|u^3|u_x|u_xx|u*u_x|u*u_xx|u^2*u_x|(u_x)^2,10,1.355626297630243,0.016719723222682226,True,False,False
5,5e-07,3,1|u|u^2|u^3|u_x|u_xx|u*u_x|u*u_xx|u^2*u_x|(u_x)^2,10,1.3557584996527914,0.016818874739593592,True,False,False
5,5e-07,4,1|u|u^2|u^3|u_x|u_xx|u*u_x|u*u_xx|u^2*u_x|(u_x)^2,10,1.3554878265597485,0.016615869919811455,True,False,False
5,1e-06,0,1|u|u^2|u^3|u_x|u_xx|u*u_x|u*u_xx|u^2*u_x|(u_x)^2,10,1.3679115751747952,0.025933681381096474,True,False,False
5,1e-06,1,1|u|u^2|u^3|u_x|u_xx|u*u_x|u*u_xx|u^2*u_x|(u_x)^2,10,1.368095070600839,0.026071302950629316,True,False,False
5,1e-06,2,1|u|u^2|u^3|u_x|u_xx|u*u_x|u*u_xx|u^2*u_x|(u_x)^2,10,1.3684839620823177,0.026362971561738335,True,False,False
5,1e-06,3,1|u|u^2|u^3|u_x|u_xx|u*u_x|u*u_xx|u^2*u_x|(u_x)^2,10,1.3684763128808866,0.026357234660664974,True,False,False
5,1e-06,4,1|u|u^2|u^3|u_x|u_xx|u*u_x|u*u_xx|u^2*u_x|(u_x)^2,10,1.368287287314166,0.02621546548562459,True,False,False
5,1e-05,0,1|u|u^2|u^3|u_x|u_xx|u*u_x|u*u_xx|u^2*u_x|(u_x)^2,10,0.49042990355207894,0.6321775723359407,True,False,False
5,1e-05,1,1|u|u^2|u^3|u_x|u_xx|u*u_x|u*u_xx|u^2*u_x|(u_x)^2,10,0.4945412972804214,0.629094027039684,True,False,False
5,1e-05,2,1|u|u^2|u^3|u_x|u_xx|u*u_x|u*u_xx|u^2*u_x|(u_x)^2,10,0.49717756550757347,0.6271168258693199,True,False,False
5,1e-05,3,1|u|u^2|u^3|u_x|u_xx|u*u_x|u*u_xx|u^2*u_x|(u_x)^2,10,0.49534759406406514,0.6284893044519512,True,False,False
5,1e-05,4,1|u|u^2|u^3|u_x|u_xx|u*u_x|u*u_xx|u^2*u_x|(u_x)^2,10,0.4980768224577355,0.6264423831566984,True,False,False
5,0.0001,0,1|u|u^2|u^3|u_x|u_xx|u*u_x|u*u_xx|u^2*u_x|(u_x)^2,10,0.007441737904778159,0.9944186965714163,True,False,False
5,0.0001,1,1|u|u^2|u^3|u_x|u_xx|u*u_x|u*u_xx|u^2*u_x|(u_x)^2,10,0.007645840279986672,0.99426561979001,True,False,False
5,0.0001,2,1|u|u^2|u^3|u_x|u_xx|u*u_x|u*u_xx|u^2*u_x|(u_x)^2,10,0.007548572712094861,0.9943385704659288,True,False,False
5,0.0001,3,1|u|u^2|u^3|u_x|u_xx|u*u_x|u*u_xx|u^2*u_x|(u_x)^2,10,0.007598176476354794,0.9943013676427338,True,False,False
5,0.0001,4,1|u|u^2|u^3|u_x|u_xx|u*u_x|u*u_xx|u^2*u_x|(u_x)^2,10,0.007730938778901439,0.9942017959158238,True,False,False
5,0.001,0,1|u|u^2|u^3|u_x|u_xxx|u*u_x|u^2*u_x|(u_x)^2,9,0.0,1.0,False,False,False
5,0.001,1,1|u|u^2|u^3|u_x|u_xxx|u*u_x|u^2*u_x|(u_x)^2,9,0.0,1.0,False,False,False
5,0.001,2,1|u|u^2|u^3|u_x|u_xxx|u*u_x|u^2*u_x|(u_x)^2,9,0.0,1.0,False,False,False
5,0.001,3,1|u|u^2|u^3|u_x|u_xxx|u*u_x|u^2*u_x|(u_x)^2,9,0.0,1.0,False,False,False
5,0.001,4,1|u|u^2|u^3|u_x|u_xxx|u*u_x|u^2*u_x|(u_x)^2,9,0.0,1.0,False,False,False
5,0.01,0,1|u|u^2|u^3|u_x|u_xxx|u*u_x|u^2*u_x,8,0.0,1.0,False,False,False
5,0.01,1,1|u|u^2|u^3|u_x|u_xxx|u*u_x|u^2*u_x,8,0.0,1.0,False,False,False
5,0.01,2,1|u|u^2|u^3|u_x|u*u_x|u^2*u_x,7,0.0,1.0,False,False,False
5,0.01,3,1|u|u^2|u^3|u_x|u*u_x|u^2*u_x,7,0.0,1.0,False,False,False
5,0.01,4,1|u|u^2|u^3|u_x|u_xxx|u*u_x|u^2*u_x,8,0.0,1.0,False,False,False
11,0.0,0,u_xx,1,1.3328490835607651,0.00036318732942608456,True,True,True
11,0.0,1,u_xx,1,1.3328490835607651,0.00036318732942608456,True,True,True
11,0.0,2,u_xx,1,1.3328490835607651,0.00036318732942608456,True,True,True
11,0.0,3,u_xx,1,1.3328490835607651,0.00036318732942608456,True,True,True
11,0.0,4,u_xx,1,1.3328490835607651,0.00036318732942608456,True,True,True
11,1e-09,0,u_xx,1,1.332849083839626,0.0003631871202803838,True,True,True
11,1e-09,1,u_xx,1,1.332849078820987,0.0003631908842596787,True,True,True
11,1e-09,2,u_xx,1,1.3328490806850803,0.0003631894861896856,True,True,True
11,1e-09,3,u_xx,1,1.332849086247596,0.00036318531430301615,True,True,True
11,1e-09,4,u_xx,1,1.3328490822259627,0.00036318833052795263,True,True,True
11,2e-09,0,u_xx,1,1.3328490840303184,0.0003631869772611207,True,True,True
11,2e-09,1,u_xx,1,1.3328490739921797,0.0003631945058651942,True,True,True
11,2e-09,2,u_xx,1,1.332849077721784,0.0003631917086618919,True,True,True
11,2e-09,3,u_xx,1,1.3328490888472615,0.0003631833645538207,True,True,True
11,2e-09,4,u_xx,1,1.3328490808018802,0.0003631893985897583,True,True,True
11,5e-09,0,u_xx,1,1.3328490840733833,0.00036318694496245696,True,True,True
11,5e-09,1,u_xx,1,1.3328490589715898,0.00036320577130760645,True,True,True
11,5e-09,2,u_xx,1,1.3328490683062297,0.00036319877032764403,True,True,True
11,5e-09,3,u_xx,1,1.3328490961232518,0.00036317790756112966,True,True,True
11,5e-09,4,u_xx,1,1.3328490759938685,0.00036319300459858317,True,True,True
11,1e-08,0,u_xx,1,1.3328490823817776,0.00036318821366676524,True,True,True
11,1e-08,1,u_xx,1,1.3328490321566715,0.0003632258824963208,True,True,True
11,1e-08,2,u_xx,1,1.3328490508613575,0.0003632118539818041,True,True,True
11,1e-08,3,u_xx,1,1.3328491065065327,0.00036317012010045335,True,True,True
11,1e-08,4,u_xx,1,1.3328490661946792,0.00036320035399051154,True,True,True
11,2e-08,0,u_xx,1,1.3328490723858823,0.00036319571058818223,True,True,True
11,2e-08,1,u_xx,1,1.332848971849629,0.00036327111277817403,True,True,True
11,2e-08,2,u_xx,1,1.332849009400627,0.000363242949529774,True,True,True
11,2e-08,3,u_xx,1,1.3328491207354836,0.00036315944838727354,True,True,True
11,2e-08,4,u_xx,1,1.3328490398993638,0.000363220075477122,True,True,True
11,5e-08,0,u_xx,1,1.3328489894967213,0.00036325787745900007,True,True,True
11,5e-08,1,u_xx,1,1.3328487375107565,0.0003634468669325708,True,True,True
11,5e-08,2,u_xx,1,1.3328488324504557,0.00036337566215816075,True,True,True
11,5e-08,3,u_xx,1,1.3328491111213752,0.00036316665896857225,True,True,True
11,5e-08,4,u_xx,1,1.3328489074381207,0.00036331942140943596,True,True,True
11,1e-07,0,u_xx,1,1.3328486750099817,0.0003634937425136542,True,True,True
11,1e-07,1,u_xx,1,1.33284816888712,0.00036387333465986993,True,True,True
11,1e-07,2,u_xx,1,1.3328483623071556,0.00036372826963321225,True,True,True
11,1e-07,3,u_xx,1,1.3328489207613208,0.0003633094290093619,True,True,True
11,1e-07,4,u_xx,1,1.3328485080851173,0.00036361893616193575,True,True,True
11,2e-07,0,u_xx,1,1.3328473847698539,0.00036446142260954106,True,True,True
11,2e-07,1,u_xx,1,1.3328463639219275,0.00036522705855435156,True,True,True
11,2e-07,2,u_xx,1,1.3328467649239026,0.0003649263070729658,True,True,True
11,2e-07,3,u_xx,1,1.3328478862799475,0.00036408529003928436,True,True,True
11,2e-07,4,u_xx,1,1.3328470396900007,0.00036472023249939367,True,True,True
11,5e-07,0,u_xx,1,1.3328382239818704,0.00037133201359718093,True,True,True
11,5e-07,1,u_xx,1,1.3328356073763579,0.0003732944677315442,True,True,True
11,5e-07,2,u_xx,1,1.3328367160820118,0.0003724629384910805,True,True,True
11,5e-07,3,u_xx,1,1.3328395527961265,0.0003703354029050421,True,True,True
11,5e-07,4,u_xx,1,1.3328372770679577,0.0003720421990316414,True,True,True
11,1e-06,0,u|u^2|u^3|u_x|u_xx|u*u_x|u*u_xx|u^2*u_x,8,1.3281046814037345,0.00392148894719907,True,False,False
11,1e-06,1,u|u^2|u^3|u_x|u_xx|u*u_x|u*u_xx|u^2*u_x,8,1.327927633111384,0.004054275166461896,True,False,False
11,1e-06,2,u|u^2|u^3|u_x|u_xx|u*u_x|u*u_xx|u^2*u_x,8,1.3280862704153655,0.003935297188475795,True,False,False
11,1e-06,3,u|u^2|u^3|u_x|u_xx|u*u_x|u*u_xx|u^2*u_x,8,1.3280821860682646,0.003938360448801526,True,False,False
11,1e-06,4,u|u^2|u^3|u_x|u_xx|u*u_x|u*u_xx|u^2*u_x,8,1.3279535319141234,0.00403485106440743,True,False,False
11,1e-05,0,1|u|u^2|u^3|u_x|u_xx|u*u_x|u*u_xx|u^2*u_x|(u_x)^2,10,1.27830763949604,0.04126927037796996,True,False,False
11,1e-05,1,1|u|u^2|u^3|u_x|u_xx|u*u_x|u*u_xx|u^2*u_x|(u_x)^2,10,1.2760379453366013,0.04297154099754896,True,False,False
11,1e-05,2,1|u|u^2|u^3|u_x|u_xx|u*u_x|u*u_xx|u^2*u_x|(u_x)^2,10,1.2789738389662286,0.040769620775328475,True,False,False
11,1e-05,3,1|u|u^2|u^3|u_x|u_xx|u*u_x|u*u_xx|u^2*u_x|(u_x)^2,10,1.2818435878766534,0.03861730909250988,True,False,False
11,1e-05,4,1|u|u^2|u^3|u_x|u_xx|u*u_x|u*u_xx|u^2*u_x|(u_x)^2,10,1.2731157112258673,0.04516321658059946,True,False,False
11,0.0001,0,1|u|u^2|u^3|u_x|u_xx|u*u_x|u*u_xx|u^2*u_x|(u_x)^2,10,0.11926592057492044,0.9105505595688096,True,False,False
11,0.0001,1,1|u|u^2|u^3|u_x|u_xx|u*u_x|u*u_xx|u^2*u_x|(u_x)^2,10,0.11983910684367471,0.9101206698672438,True,False,False
11,0.0001,2,1|u|u^2|u^3|u_x|u_xx|u*u_x|u*u_xx|u^2*u_x|(u_x)^2,10,0.12153865697740486,0.9088460072669463,True,False,False
11,0.0001,3,1|u|u^2|u^3|u_x|u_xx|u*u_x|u*u_xx|u^2*u_x|(u_x)^2,10,0.12272283822492377,0.9079578713313072,True,False,False
11,0.0001,4,1|u|u^2|u^3|u_x|u_xx|u*u_x|u*u_xx|u^2*u_x|(u_x)^2,10,0.11673711088879564,0.9124471668334033,True,False,False
11,0.001,0,1|u|u^2|u^3|u_x|u*u_x|u^2*u_x|(u_x)^2,8,0.0,1.0,False,False,False
11,0.001,1,1|u|u^2|u^3|u_x|u*u_x|u^2*u_x|(u_x)^2,8,0.0,1.0,False,False,False
11,0.001,2,1|u|u^2|u^3|u_x|u*u_x|u^2*u_x|(u_x)^2,8,0.0,1.0,False,False,False
11,0.001,3,1|u|u^2|u^3|u_x|u*u_x|u^2*u_x|(u_x)^2,8,0.0,1.0,False,False,False
11,0.001,4,1|u|u^2|u^3|u_x|u*u_x|u^2*u_x|(u_x)^2,8,0.0,1.0,False,False,False
11,0.01,0,1|u|u^2|u^3|u_x|u_xxx|u*u_x|u^2*u_x|(u_x)^2,9,0.0,1.0,False,False,False
11,0.01,1,1|u|u^2|u^3|u_x|u_xxx|u*u_x|u^2*u_x|(u_x)^2,9,0.0,1.0,False,False,False
11,0.01,2,1|u|u^2|u^3|u_x|u_xxx|u*u_x|u^2*u_x|(u_x)^2,9,0.0,1.0,False,False,False
11,0.01,3,1|u|u^2|u^3|u_x|u_xxx|u*u_x|u^2*u_x|(u_x)^2,9,0.0,1.0,False,False,False
11,0.01,4,1|u|u^2|u^3|u_x|u_xxx|u*u_x|u^2*u_x|(u_x)^2,9,0.0,1.0,False,False,False
21,0.0,0,u^2|u^3|u_x|u_xx|u*u_x|u^2*u_x,6,1.3215191986618293,0.008860601003627955,True,False,False
21,0.0,1,u^2|u^3|u_x|u_xx|u*u_x|u^2*u_x,6,1.3215191986618293,0.008860601003627955,True,False,False
21,0.0,2,u^2|u^3|u_x|u_xx|u*u_x|u^2*u_x,6,1.3215191986618293,0.008860601003627955,True,False,False
21,0.0,3,u^2|u^3|u_x|u_xx|u*u_x|u^2*u_x,6,1.3215191986618293,0.008860601003627955,True,False,False
21,0.0,4,u^2|u^3|u_x|u_xx|u*u_x|u^2*u_x,6,1.3215191986618293,0.008860601003627955,True,False,False
21,1e-09,0,u^2|u^3|u_x|u_xx|u*u_x|u^2*u_x,6,1.3215191811578644,0.008860614131601663,True,False,False
21,1e-09,1,u^2|u^3|u_x|u_xx|u*u_x|u^2*u_x,6,1.3215192425062083,0.008860568120343693,True,False,False
21,1e-09,2,u^2|u^3|u_x|u_xx|u*u_x|u^2*u_x,6,1.3215192024571718,0.008860598157121091,True,False,False
21,1e-09,3,u^2|u^3|u_x|u_xx|u*u_x|u^2*u_x,6,1.3215191859737287,0.008860610519703382,True,False,False
21,1e-09,4,u^2|u^3|u_x|u_xx|u*u_x|u^2*u_x,6,1.3215191830716038,0.008860612696297121,True,False,False
21,2e-09,0,u^2|u^3|u_x|u_xx|u*u_x|u^2*u_x,6,1.3215191631356678,0.00886062764824913,True,False,False
21,2e-09,1,u^2|u^3|u_x|u_xx|u*u_x|u^2*u_x,6,1.3215192858320717,0.008860535625946186,True,False,False
21,2e-09,2,u^2|u^3|u_x|u_xx|u*u_x|u^2*u_x,6,1.3215192057466474,0.008860595690014406,True,False,False
21,2e-09,3,u^2|u^3|u_x|u_xx|u*u_x|u^2*u_x,6,1.321519172781505,0.0088606204138712,True,False,False
21,2e-09,4,u^2|u^3|u_x|u_xx|u*u_x|u^2*u_x,6,1.321519166956876,0.008860624782342952,True,False,False
21,5e-09,0,u^2|u^3|u_x|u_xx|u*u_x|u^2*u_x,6,1.3215191059593878,0.00886067053045908,True,False,False
21,5e-09,1,u^2|u^3|u_x|u_xx|u*u_x|u^2*u_x,6,1.3215194126991872,0.008860440475609577,True,False,False
21,5e-09,2,u^2|u^3|u_x|u_xx|u*u_x|u^2*u_x,6,1.321519212579996,0.00886059056500299,True,False,False
21,5e-09,3,u^2|u^3|u_x|u_xx|u*u_x|u^2*u_x,6,1.3215191301802252,0.008860652364831079,True,False,False
21,5e-09,4,u^2|u^3|u_x|u_xx|u*u_x|u^2*u_x,6,1.3215191154657955,0.008860663400653335,True,False,False
21,1e-08,0,u^2|u^3|u_x|u_xx|u*u_x|u^2*u_x,6,1.3215190003004054,0.00886074977469592,True,False,False
21,1e-08,1,u^2|u^3|u_x|u_xx|u*u_x|u^2*u_x,6,1.3215196137755996,0.00886028966830027,True,False,False
21,1e-08,2,u^2|u^3|u_x|u_xx|u*u_x|u^2*u_x,6,1.3215192138519822,0.00886058961101327,True,False,False
21,1e-08,3,u^2|u^3|u_x|u_xx|u*u_x|u^2*u_x,6,1.321519049095953,0.008860713178035218,True,False,False
21,1e-08,4,u^2|u^3|u_x|u_xx|u*u_x|u^2*u_x,6,1.3215190191578523,0.008860735631610717,True,False,False
21,2e-08,0,u^2|u^3|u_x|u_xx|u*u_x|u^2*u_x,6,1.3215187501127421,0.00886093741544336,True,False,False
21,2e-08,1,u^2|u^3|u_x|u_xx|u*u_x|u^2*u_x,6,1.3215199770455854,0.008860017215810867,True,False,False
21,2e-08,2,u^2|u^3|u_x|u_xx|u*u_x|u^2*u_x,6,1.3215191784571316,0.008860616157151224,True,False,False
21,2e-08,3,u^2|u^3|u_x|u_xx|u*u_x|u^2*u_x,6,1.3215188491193004,0.008860863160524646,True,False,False
21,2e-08,4,u^2|u^3|u_x|u_xx|u*u_x|u^2*u_x,6,1.3215187872059473,0.008860909595539479,True,False,False
21,5e-08,0,u^2|u^3|u_x|u_xx|u*u_x|u^2*u_x,6,1.3215176885935869,0.008861733554809792,True,False,False
21,5e-08,1,u^2|u^3|u_x|u_xx|u*u_x|u^2*u_x,6,1.3215207557914084,0.008859433156443663,True,False,False
21,5e-08,2,u^2|u^3|u_x|u_xx|u*u_x|u^2*u_x,6,1.3215187687633259,0.008860923427505552,True,False,False
21,5e-08,3,u^2|u^3|u_x|u_xx|u*u_x|u^2*u_x,6,1.3215179467253226,0.008861539956007969,True,False,False
21,5e-08,4,u^2|u^3|u_x|u_xx|u*u_x|u^2*u_x,6,1.3215177766640198,0.008861667501985082,True,False,False
21,1e-07,0,u^2|u^3|u_x|u_xx|u*u_x|u^2*u_x,6,1.3215148828809355,0.008863837839298283,True,False,False
21,1e-07,1,u^2|u^3|u_x|u_xx|u*u_x|u^2*u_x,6,1.3215210168140232,0.008859237389482522,True,False,False
21,1e-07,2,u^2|u^3|u_x|u_xx|u*u_x|u^2*u_x,6,1.3215170742448115,0.008862194316391347,True,False,False
21,1e-07,3,u^2|u^3|u_x|u_xx|u*u_x|u^2*u_x,6,1.3215154345279785,0.008863424104016082,True,False,False
21,1e-07,4,u^2|u^3|u_x|u_xx|u*u_x|u^2*u_x,6,1.3215150434797378,0.00886371739019659,True,False,False
21,2e-07,0,u^2|u^3|u_x|u_xx|u*u_x|u^2*u_x,6,1.3215053846070817,0.008870961544688694,True,False,False
21,2e-07,1,u^2|u^3|u_x|u_xx|u*u_x|u^2*u_x,6,1.321517650512304,0.008861762115771887,True,False,False
21,2e-07,2,u^2|u^3|u_x|u_xx|u*u_x|u^2*u_x,6,1.3215098913935452,0.008867581454841011,True,False,False
21,2e-07,3,u^2|u^3|u_x|u_xx|u*u_x|u^2*u_x,6,1.3215066294232973,0.008870027932526947,True,False,False
21,2e-07,4,u^2|u^3|u_x|u_xx|u*u_x|u^2*u_x,6,1.3215056436349453,0.008870767273790992,True,False,False
21,5e-07,0,u^2|u^3|u_x|u_xx|u*u_x|u^2*u_x,6,1.3214457978803908,0.008915651589706808,True,False,False
21,5e-07,1,u^2|u^3|u_x|u_xx|u*u_x|u^2*u_x,6,1.3214764457308734,0.008892665701844882,True,False,False
21,5e-07,2,u^2|u^3|u_x|u_xx|u*u_x|u^2*u_x,6,1.321457994452419,0.008906504160685724,True,False,False
21,5e-07,3,u^2|u^3|u_x|u_xx|u*u_x|u^2*u_x,6,1.3214499710337337,0.00891252172469964,True,False,False
21,5e-07,4,u^2|u^3|u_x|u_xx|u*u_x|u^2*u_x,6,1.321445979191525,0.008915515606356228,True,False,False
21,1e-06,0,u^2|u^3|u_x|u_xx|u*u_x|u^2*u_x,6,1.3212428835880379,0.009067837308971538,True,False,False
21,1e-06,1,u^2|u^3|u_x|u_xx|u*u_x|u^2*u_x,6,1.3213041082264394,0.009021918830170395,True,False,False
21,1e-06,2,u^2|u^3|u_x|u_xx|u*u_x|u^2*u_x,6,1.3212703689882315,0.009047223258826342,True,False,False
21,1e-06,3,u^2|u^3|u_x|u_xx|u*u_x|u^2*u_x,6,1.321254763929565,0.009058927052826127,True,False,False
21,1e-06,4,u^2|u^3|u_x|u_xx|u*u_x|u^2*u_x,6,1.3212416925487587,0.00906873058843094,True,False,False
21,1e-05,0,1|u|u^2|u^3|u_x|u_xx|u*u_x|u*u_xx|u^2*u_x|(u_x)^2,10,1.358935037884318,0.019201278413238487,True,False,False
21,1e-05,1,1|u|u^2|u^3|u_x|u_xx|u*u_x|u*u_xx|u^2*u_x|(u_x)^2,10,1.3590747655242588,0.01930607414319413,True,False,False
21,1e-05,2,1|u|u^2|u^3|u_x|u_xx|u*u_x|u*u_xx|u^2*u_x|(u_x)^2,10,1.358906442512056,0.019179831884042098,True,False,False
21,1e-05,3,1|u|u^2|u^3|u_x|u_xx|u*u_x|u*u_xx|u^2*u_x|(u_x)^2,10,1.360145866805641,0.02010940010423079,True,False,False
21,1e-05,4,1|u|u^2|u^3|u_x|u_xx|u*u_x|u*u_xx|u^2*u_x|(u_x)^2,10,1.356962524079096,0.01772189305932198,True,False,False
21,0.0001,0,1|u|u^2|u^3|u_x|u_xx|u*u_x|u*u_xx|u^2*u_x|(u_x)^2,10,0.5121925935956378,0.6158555548032716,True,False,False
21,0.0001,1,1|u|u^2|u^3|u_x|u_xx|u*u_x|u*u_xx|u^2*u_x|(u_x)^2,10,0.5077510231752183,0.6191867326185863,True,False,False
21,0.0001,2,1|u|u^2|u^3|u_x|u_xx|u*u_x|u*u_xx|u^2*u_x|(u_x)^2,10,0.5167425222346842,0.6124431083239869,True,False,False
21,0.0001,3,1|u|u^2|u^3|u_x|u_xx|u*u_x|u*u_xx|u^2*u_x|(u_x)^2,10,0.5276197023086342,0.6042852232685243,True,False,False
21,0.0001,4,1|u|u^2|u^3|u_x|u_xx|u*u_x|u*u_xx|u^2*u_x|(u_x)^2,10,0.49358065939118423,0.6298145054566118,True,False,False
21,0.001,0,1|u|u^2|u^3|u_x|u_xx|u*u_x|u*u_xx|u^2*u_x|(u_x)^2,10,0.00794865570569659,0.9940385082207275,True,False,False
21,0.001,1,1|u|u^2|u^3|u_x|u_xx|u*u_x|u*u_xx|u^2*u_x|(u_x)^2,10,0.007913663808001818,0.9940647521439987,True,False,False
21,0.001,2,1|u|u^2|u^3|u_x|u_xx|u*u_x|u*u_xx|u^2*u_x|(u_x)^2,10,0.008174000462350948,0.9938694996532368,True,False,False
21,0.001,3,1|u|u^2|u^3|u_x|u_xx|u*u_x|u*u_xx|u^2*u_x|(u_x)^2,10,0.008330309007364416,0.9937522682444767,True,False,False
21,0.001,4,1|u|u^2|u^3|u_x|u_xx|u*u_x|u*u_xx|u^2*u_x|(u_x)^2,10,0.007924946649050982,0.9940562900132117,True,False,False
21,0.01,0,1|u|u^2|u^3|u_x|u_xxx|u*u_x|u^2*u_x|(u_x)^2,9,0.0,1.0,False,False,False
21,0.01,1,1|u|u^2|u^3|u_x|u_xxx|u*u_x|u^2*u_x|(u_x)^2,9,0.0,1.0,False,False,False
21,0.01,2,1|u|u^2|u^3|u_x|u_xxx|u*u_x|u^2*u_x|(u_x)^2,9,0.0,1.0,False,False,False
21,0.01,3,1|u|u^2|u^3|u_x|u_xxx|u*u_x|u^2*u_x|(u_x)^2,9,0.0,1.0,False,False,False
21,0.01,4,1|u|u^2|u^3|u_x|u_xxx|u*u_x|u^2*u_x|(u_x)^2,9,0.0,1.0,False,False,False
41,0.0,0,u^2|u^3|u_x|u_xx|u*u_x|u*u_xx|u^2*u_x,7,1.3061135422142318,0.020414843339326083,True,False,False
41,0.0,1,u^2|u^3|u_x|u_xx|u*u_x|u*u_xx|u^2*u_x,7,1.3061135422142318,0.020414843339326083,True,False,False
41,0.0,2,u^2|u^3|u_x|u_xx|u*u_x|u*u_xx|u^2*u_x,7,1.3061135422142318,0.020414843339326083,True,False,False
41,0.0,3,u^2|u^3|u_x|u_xx|u*u_x|u*u_xx|u^2*u_x,7,1.3061135422142318,0.020414843339326083,True,False,False
41,0.0,4,u^2|u^3|u_x|u_xx|u*u_x|u*u_xx|u^2*u_x,7,1.3061135422142318,0.020414843339326083,True,False,False
41,1e-09,0,u^2|u^3|u_x|u_xx|u*u_x|u*u_xx|u^2*u_x,7,1.306113536368894,0.02041484772332941,True,False,False
41,1e-09,1,u^2|u^3|u_x|u_xx|u*u_x|u*u_xx|u^2*u_x,7,1.306113512749773,0.020414865437670238,True,False,False
41,1e-09,2,u^2|u^3|u_x|u_xx|u*u_x|u*u_xx|u^2*u_x,7,1.306113543145396,0.02041484264095289,True,False,False
41,1e-09,3,u^2|u^3|u_x|u_xx|u*u_x|u*u_xx|u^2*u_x,7,1.3061135459502409,0.02041484053731929,True,False,False
41,1e-09,4,u^2|u^3|u_x|u_xx|u*u_x|u*u_xx|u^2*u_x,7,1.3061135579967338,0.020414831502449604,True,False,False
41,2e-09,0,u^2|u^3|u_x|u_xx|u*u_x|u*u_xx|u^2*u_x,7,1.3061135305520701,0.020414852085947344,True,False,False
41,2e-09,1,u^2|u^3|u_x|u_xx|u*u_x|u*u_xx|u^2*u_x,7,1.3061134833155112,0.02041488751336651,True,False,False
41,2e-09,2,u^2|u^3|u_x|u_xx|u*u_x|u*u_xx|u^2*u_x,7,1.306113544106991,0.02041484191975662,True,False,False
41,2e-09,3,u^2|u^3|u_x|u_xx|u*u_x|u*u_xx|u^2*u_x,7,1.3061135497135994,0.020414837714800405,True,False,False
41,2e-09,4,u^2|u^3|u_x|u_xx|u*u_x|u*u_xx|u^2*u_x,7,1.306113573807226,0.020414819644580418,True,False,False
41,5e-09,0,u^2|u^3|u_x|u_xx|u*u_x|u*u_xx|u^2*u_x,7,1.3061135132721857,0.020414865045860653,True,False,False
41,5e-09,1,u^2|u^3|u_x|u_xx|u*u_x|u*u_xx|u^2*u_x,7,1.3061133951939445,0.02041495360454154,True,False,False
41,5e-09,2,u^2|u^3|u_x|u_xx|u*u_x|u*u_xx|u^2*u_x,7,1.3061135471735774,0.020414839619816882,True,False,False
41,5e-09,3,u^2|u^3|u_x|u_xx|u*u_x|u*u_xx|u^2*u_x,7,1.3061135611675763,0.020414829124317746,True,False,False
41,5e-09,4,u^2|u^3|u_x|u_xx|u*u_x|u*u_xx|u^2*u_x,7,1.3061136214067386,0.020414783944946002,True,False,False
41,1e-08,0,u^2|u^3|u_x|u_xx|u*u_x|u*u_xx|u^2*u_x,7,1.3061134850413747,0.02041488621896892,True,False,False
41,1e-08,1,u^2|u^3|u_x|u_xx|u*u_x|u*u_xx|u^2*u_x,7,1.3061132489292493,0.020415063303062975,True,False,False
41,1e-08,2,u^2|u^3|u_x|u_xx|u*u_x|u*u_xx|u^2*u_x,7,1.3061135528913008,0.020414835331524328,True,False,False
41,1e-08,3,u^2|u^3|u_x|u_xx|u*u_x|u*u_xx|u^2*u_x,7,1.306113580804402,0.020414814396698455,True,False,False
41,1e-08,4,u^2|u^3|u_x|u_xx|u*u_x|u*u_xx|u^2*u_x,7,1.3061137012995383,0.02041472402534622,True,False,False
41,2e-08,0,u^2|u^3|u_x|u_xx|u*u_x|u*u_xx|u^2*u_x,7,1.306113430713741,0.020414926964694213,True,False,False
41,2e-08,1,u^2|u^3|u_x|u_xx|u*u_x|u*u_xx|u^2*u_x,7,1.3061129586659592,0.020415281000530527,True,False,False
41,2e-08,2,u^2|u^3|u_x|u_xx|u*u_x|u*u_xx|u^2*u_x,7,1.3061135666020731,0.020414825048445107,True,False,False
41,2e-08,3,u^2|u^3|u_x|u_xx|u*u_x|u*u_xx|u^2*u_x,7,1.3061136221283154,0.020414783403763404,True,False,False
41,2e-08,4,u^2|u^3|u_x|u_xx|u*u_x|u*u_xx|u^2*u_x,7,1.3061138631861706,0.02041460261037198,True,False,False
41,5e-08,0,u^2|u^3|u_x|u_xx|u*u_x|u*u_xx|u^2*u_x,7,1.3061132848026165,0.0204150363980376,True,False,False
41,5e-08,1,u^2|u^3|u_x|u_xx|u*u_x|u*u_xx|u^2*u_x,7,1.3061121060068492,0.020415920494863016,True,False,False
41,5e-08,2,u^2|u^3|u_x|u_xx|u*u_x|u*u_xx|u^2*u_x,7,1.3061136259369979,0.020414780547251543,True,False,False
41,5e-08,3,u^2|u^3|u_x|u_xx|u*u_x|u*u_xx|u^2*u_x,7,1.3061137625027244,0.020414678122956664,True,False,False
41,5e-08,4,u^2|u^3|u_x|u_xx|u*u_x|u*u_xx|u^2*u_x,7,1.3061143656539298,0.020414225759552596,True,False,False
41,1e-07,0,u^2|u^3|u_x|u_xx|u*u_x|u*u_xx|u^2*u_x,7,1.3061130985225233,0.020415176108107447,True,False,False
41,1e-07,1,u^2|u^3|u_x|u_xx|u*u_x|u*u_xx|u^2*u_x,7,1.3061107453451477,0.020416940991139165,True,False,False
41,1e-07,2,u^2|u^3|u_x|u_xx|u*u_x|u*u_xx|u^2*u_x,7,1.3061137855040148,0.020414660871988843,True,False,False
41,1e-07,3,u^2|u^3|u_x|u_xx|u*u_x|u*u_xx|u^2*u_x,7,1.3061140511377578,0.020414461646681592,True,False,False
41,1e-07,4,u^2|u^3|u_x|u_xx|u*u_x|u*u_xx|u^2*u_x,7,1.306115259122478,0.020413555658141402,True,False,False
41,2e-07,0,u^2|u^3|u_x|u_xx|u*u_x|u*u_xx|u^2*u_x,7,1.3061129393523512,0.020415295485736562,True,False,False
41,2e-07,1,u^2|u^3|u_x|u_xx|u*u_x|u*u_xx|u^2*u_x,7,1.3061082506613202,0.0204188120040098,True,False,False
41,2e-07,2,u^2|u^3|u_x|u_xx|u*u_x|u*u_xx|u^2*u_x,7,1.3061143321702675,0.02041425087229931,True,False,False
41,2e-07,3,u^2|u^3|u_x|u_xx|u*u_x|u*u_xx|u^2*u_x,7,1.3061148334584713,0.020413874906146434,True,False,False
41,2e-07,4,u^2|u^3|u_x|u_xx|u*u_x|u*u_xx|u^2*u_x,7,1.3061172561179755,0.020412057911518344,True,False,False
41,5e-07,0,u^2|u^3|u_x|u_xx|u*u_x|u*u_xx|u^2*u_x,7,1.3061141687029287,0.020414373472803393,True,False,False
41,5e-07,1,u^2|u^3|u_x|u_xx|u*u_x|u*u_xx|u^2*u_x,7,1.3061025795879702,0.020423065309022326,True,False,False
41,5e-07,2,u^2|u^3|u_x|u_xx|u*u_x|u*u_xx|u^2*u_x,7,1.3061177922349692,0.02041165582377308,True,False,False
41,5e-07,3,u^2|u^3|u_x|u_xx|u*u_x|u*u_xx|u^2*u_x,7,1.306118820864205,0.020410884351846237,True,False,False
41,5e-07,4,u^2|u^3|u_x|u_xx|u*u_x|u*u_xx|u^2*u_x,7,1.3061249268634476,0.020406304852414237,True,False,False
41,1e-06,0,u^2|u^3|u_x|u_xx|u*u_x|u*u_xx|u^2*u_x,7,1.3061219032269498,0.02040857257978762,True,False,False
41,1e-06,1,u^2|u^3|u_x|u_xx|u*u_x|u*u_xx|u^2*u_x,7,1.3060991678267946,0.020425624129904008,True,False,False
41,1e-06,2,u^2|u^3|u_x|u_xx|u*u_x|u*u_xx|u^2*u_x,7,1.306129622274007,0.02040278329449463,True,False,False
41,1e-06,3,u^2|u^3|u_x|u_xx|u*u_x|u*u_xx|u^2*u_x,7,1.3061309328902995,0.020401800332275344,True,False,False
41,1e-06,4,u^2|u^3|u_x|u_xx|u*u_x|u*u_xx|u^2*u_x,7,1.3061433035847776,0.02039252231141675,True,False,False
41,1e-05,0,1|u|u^2|u^3|u_x|u_xx|u*u_x|u*u_xx|u^2*u_x|(u_x)^2,10,1.3239810365590896,0.0070142225806827385,True,False,False
41,1e-05,1,1|u|u^2|u^3|u_x|u_xx|u*u_x|u*u_xx|u^2*u_x|(u_x)^2,10,1.3228483223662282,0.00786375822532881,True,False,False
41,1e-05,2,1|u|u^2|u^3|u_x|u_xx|u*u_x|u*u_xx|u^2*u_x|(u_x)^2,10,1.3234135293589846,0.007439852980761497,True,False,False
41,1e-05,3,1|u|u^2|u^3|u_x|u_xx|u*u_x|u*u_xx|u^2*u_x|(u_x)^2,10,1.3234895666786513,0.007382824991011505,True,False,False
41,1e-05,4,1|u|u^2|u^3|u_x|u_xx|u*u_x|u*u_xx|u^2*u_x|(u_x)^2,10,1.3237759481394742,0.007168038895394302,True,False,False
41,0.0001,0,1|u|u^2|u^3|u_x|u_xx|u*u_x|u*u_xx|u^2*u_x|(u_x)^2,10,0.9872954573812294,0.2595284069640779,True,False,False
41,0.0001,1,1|u|u^2|u^3|u_x|u_xx|u*u_x|u*u_xx|u^2*u_x|(u_x)^2,10,0.9873985333362871,0.2594510999977846,True,False,False
41,0.0001,2,1|u|u^2|u^3|u_x|u_xx|u*u_x|u*u_xx|u^2*u_x|(u_x)^2,10,0.9864539793553847,0.26015951548346145,True,False,False
41,0.0001,3,1|u|u^2|u^3|u_x|u_xx|u*u_x|u*u_xx|u^2*u_x|(u_x)^2,10,0.9989835175413581,0.25076236184398143,True,False,False
41,0.0001,4,1|u|u^2|u^3|u_x|u_xx|u*u_x|u*u_xx|u^2*u_x|(u_x)^2,10,0.9646591670743709,0.27650562469422174,True,False,False
41,0.001,0,1|u|u^2|u^3|u_x|u_xx|u*u_x|u*u_xx|u^2*u_x|(u_x)^2,10,0.031294036851959826,0.97652947236103,True,False,False
41,0.001,1,1|u|u^2|u^3|u_x|u_xx|u*u_x|u*u_xx|u^2*u_x|(u_x)^2,10,0.03391218716013588,0.9745658596298982,True,False,False
41,0.001,2,1|u|u^2|u^3|u_x|u_xx|u*u_x|u*u_xx|u^2*u_x|(u_x)^2,10,0.033502933181338276,0.9748728001139962,True,False,False
41,0.001,3,1|u|u^2|u^3|u_x|u_xx|u*u_x|u*u_xx|u^2*u_x|(u_x)^2,10,0.03297902482193898,0.9752657313835457,True,False,False
41,0.001,4,1|u|u^2|u^3|u_x|u_xx|u*u_x|u*u_xx|u^2*u_x|(u_x)^2,10,0.03154337967900041,0.9763424652407497,True,False,False
41,0.01,0,1|u|u^2|u^3|u_x|u*u_x|u^2*u_x,7,0.0,1.0,False,False,False
41,0.01,1,1|u|u^2|u^3|u_x|u*u_x|u^2*u_x,7,0.0,1.0,False,False,False
41,0.01,2,1|u|u^2|u^3|u_x|u*u_x|u^2*u_x|(u_x)^2,8,0.0,1.0,False,False,False
41,0.01,3,1|u|u^2|u^3|u_x|u*u_x|u^2*u_x|(u_x)^2,8,0.0,1.0,False,False,False
41,0.01,4,1|u|u^2|u^3|u_x|u*u_x|u^2*u_x,7,0.0,1.0,False,False,False
